Code,Name,PER,PBR,ROE
1301,極洋,8.496199,0.78581506,
1332,ニッスイ,14.992025,1.4053748,0.1066
1333,マルハニチロ,9.746844,0.8922302,0.08513
1375,ユキグニファクトリー,50.0,2.8989244,0.1008
1376,カネコ種苗,12.641997,0.63042694,0.05158
1377,サカタのタネ,15.772929,1.0292054,0.06309
1379,ホクト,10.834138,0.9629297,0.107080005
1380,秋川牧園,44.642082,1.9307047,0.060229998
1381,アクシーズ,9.775134,0.97547317,0.10371
1382,ホーブ,,1.794326,-0.00958
1383,ベルグアース,109.90099,2.8452663,0.052800003
1384,ホクリヨウ,7.9618926,2.3776653,0.11241999
1401,エムビーエス,19.012447,2.5843973,0.14208001
1407,ウエストホールディングス,17.182104,2.583556,0.16049999
1414,ショーボンドホールディングス,19.1203,2.6410255,0.1387
1417,ミライト・ワン,16.750122,1.2738484,0.08816
1418,インターライフホールディングス,10.582307,1.8500513,0.18628
1419,タマホーム,42.732487,4.0090027,0.102110006
1420,サンヨーホームズ,6.6486316,0.49447525,0.0348
1429,日本アクア,11.778563,1.9382689,0.17089
1430,ファーストコーポレーション,10.604193,1.3065403,0.15008001
1431,Ｌｉｂ　Ｗｏｒｋ,66.22449,3.27609,0.046090003
1433,ベステラ,18.762157,1.7417998,0.12053
1434,ＪＥＳＣＯホールディングス,10.638297,2.0099916,0.20259
1435,ｒｏｂｏｔ　ｈｏｍｅ,10.031631,1.7875403,0.19448
1436,グリーンエナジー＆カンパニー,50.760803,3.1064506,0.08981
1438,岐阜造園,15.848385,1.4045482,0.11375
1443,技研ホールディングス,8.103727,0.39447835,0.05262
1444,ニッソウ,,1.8676234,-0.026889998
1446,キャンディル,24.63426,1.6442187,0.07326
1447,ＳＡＡＦホールディングス,35.32669,7.1454167,0.1174
1450,ＴＡＮＡＫＥＮ,8.880995,1.4798825,0.17764
1491,中外鉱業,12.5,1.5072078,0.15832
1514,住石ホールディングス,15.925014,1.8110442,0.11983
1515,日鉄鉱業,21.833641,1.4181737,0.07014
1518,三井松島ホールディングス,6.8729367,1.011552,0.18361999
1605,ＩＮＰＥＸ,12.04801,0.97828937,0.08457
1662,石油資源開発,6.9203334,1.0648909,0.084139995
1663,Ｋ＆Ｏエナジーグループ,16.611296,1.3164747,0.088690005
1711,ＳＤＳホールディングス,,4.751357,-0.069510005
1716,第一カッター興業,9.784684,0.8458132,0.08911
1717,明豊ファシリティワークス,12.135569,1.9898219,0.17406
1718,美樹工業,5.0761423,0.46318763,0.0929
1719,安藤・間,11.628251,1.6401129,
1720,東急建設,13.889434,1.4339014,0.11707
1721,コムシスホールディングス,20.0,1.6395621,0.08924
1723,日本電技,20.533949,3.5847502,0.15873
1724,シンクレイヤ,14.123968,1.337642,0.25195
1726,ビーアールホールディングス,20.831684,1.5535884,0.080340005
1736,オーテック,10.1318,1.4766594,0.15039
1758,太洋基礎工業,12.269629,0.51073444,0.05039
1762,高松コンストラクショングループ,11.91909,0.87873137,0.07567
1764,工藤建設,8.285046,0.7174671,
1766,東建コーポレーション,11.2233,1.3367845,0.120299995
1768,ソネック,9.96972,0.96675736,0.12292
1770,藤田エンジニアリング,11.778795,0.77948064,0.06797
1776,三井住建道路,68.01771,1.3740526,0.01777
1780,ヤマウラ,7.9810433,2.0345516,0.10429
1783,ｆａｎｔａｓｉｓｔａ,,1.638023,-0.03079
1786,オリエンタル白石,13.140794,0.89426976,0.06336
1787,ナカボーテック,14.814815,1.6313537,0.11076
1788,三東工業社,9.920635,0.8974945,0.094849996
1793,大本組,32.365395,1.1423804,0.03313
1795,マサル,10.526316,0.84134406,0.08607
1798,守谷商会,4.9974136,0.75270975,0.16181
1799,第一建設工業,11.890701,2.3024185,0.060149997
1801,大成建設,19.455229,3.0029254,
1802,大林組,15.455918,2.1213114,0.15325
1803,清水建設,18.691969,2.0782533,0.11965
1807,佐藤渡辺,10.515332,0.56077504,0.052160002
1808,長谷工コーポレーション,19.120188,1.3854084,0.10509
1810,松井建設,10.672403,0.7977646,0.09219
1811,錢高組,14.492753,0.53726244,0.04146
1812,鹿島建設,16.583729,2.076112,
1813,不動テトラ,14.880593,1.21719,0.10812
1814,大末建設,11.806458,1.4315184,0.16188999
1815,鉄建建設,15.698352,0.84084326,0.04005
1820,西松建設,12.345597,1.2158818,
1822,大豊建設,20.326088,0.90626025,0.06156
1826,佐田建設,21.552252,1.1585201,0.05806
1827,ナカノフドー建設,14.34792,0.96273243,0.07197
1828,田辺工業,8.984783,0.96092284,0.10528
1833,奥村組,17.03568,1.1514232,0.029289998
1835,東鉄工業,14.513788,1.4714222,0.10741
1840,土屋ホールディングス,,0.4928331,-0.016590001
1841,サンユー建設,0.00011147639,0.4299669,0.04368
1844,大盛工業,20.40963,1.7490486,0.08935001
1847,イチケン,7.5699873,1.0459869,
1848,富士ピー・エス,3.5804021,0.79697317,0.22325
1850,南海辰村建設,6.472311,0.72663945,0.11437
1852,淺沼組,13.106267,1.6128951,0.13019
1853,森組,11.888889,3.5820696,0.17448
1860,戸田建設,13.889432,1.1338493,0.10925
1861,熊谷組,18.833353,1.3925496,0.11468001
1866,北野建設,10.834634,0.5805033,0.07033
1867,植木組,7.6510406,0.58247167,0.08371
1870,矢作建設工業,8.576152,1.2211155,0.1532
1871,ピーエス・コンストラクション,14.224548,2.0054686,0.15507
1873,日本ハウスホールディングス,59.205776,0.6036902,
1878,大東建託,12.40673,2.386672,0.1974
1879,新日本建設,8.368326,0.90004516,0.11416
1882,東亜道路工業,18.93957,1.4671383,0.06459
1885,東亜建設工業,14.53471,2.0718868,0.16404
1887,日本国土開発,22.424019,0.69740474,0.0648
1888,若築建設,11.14811,0.98079896,0.08552
1893,五洋建設,23.80784,2.476654,0.18159
1897,金下建設,29.498524,0.3570996,0.01263
1898,世紀東急工業,12.091611,1.2907386,0.101169996
1899,福田組,12.254828,0.757029,0.06387
1904,大成温調,14.245092,1.1072466,0.09157
1905,テノックス,12.4536295,0.69301736,0.06764
1909,日本ドライケミカル,15.360974,2.373673,0.17616
1911,住友林業,8.298851,0.712809,0.12991
1914,日本基礎技術,11.75119,0.5449537,0.0471
1921,巴コーポレーション,31.056961,0.9830378,0.025840001
1925,大和ハウス工業,9.861989,1.1021614,0.11734
1926,ライト工業,15.723523,1.8965744,0.13942
1928,積水ハウス,9.727539,1.0546379,0.11247
1929,日特建設,15.060991,1.3990606,0.11303
1930,北陸電気工事,12.920401,0.9005671,0.07989
1934,ユアテック,15.151343,1.2212077,0.09029
1938,日本リーテック,12.531489,0.96046203,0.08975001
1939,四電工,17.793694,1.3437773,0.08168
1941,中電工,11.820392,1.049855,0.07515
1942,関電工,24.39034,3.1336572,0.15217
1944,きんでん,23.419296,2.2195065,0.1047
1945,東京エネシス,15.748312,0.8397949,0.067379996
1946,トーエネック,12.407009,1.3172787,0.114750005
1948,弘電社,19.305252,2.469761,0.13052
1949,住友電設,2.5427968e-05,2.7396936,0.14375
1950,日本電設工業,18.449976,1.4061719,0.090679996
1951,エクシオグループ,18.903095,1.7553178,0.1076
1952,新日本空調,13.605179,2.0882068,0.18035
1959,クラフティア,21.551785,2.0088317,0.106359996
1960,サンテック,8.077759,0.6464374,0.06866
1961,三機工業,20.492037,3.5128593,0.1899
1963,日揮ホールディングス,,1.428163,0.082399994
1964,中外炉工業,9.165855,1.1092503,0.15656
1965,テクノ菱和,13.297762,2.2345927,0.20941
1966,高田工業所,8.810531,0.6634171,0.06403
1967,ヤマト,10.81081,1.1605419,0.120620005
1968,太平電業,19.920044,1.480002,0.09449001
1969,高砂熱学工業,15.015155,2.9583585,0.22594999
1972,三晃金属工業,8.496309,1.6900291,0.12157
1975,朝日工業社,12.936682,2.0341194,0.18327999
1976,明星工業,11.947362,1.2414352,0.120699994
1979,大氣社,17.54386,1.4402597,0.09989
1980,ダイダン,14.245209,2.9364746,0.22097
1981,協和日成,10.683761,1.3509696,0.0725
1982,日比谷総合設備,20.703964,1.6506761,0.1104
1992,神田通信機,16.948639,1.0455583,0.04221
1994,高橋カーテンウォール工業,23.312368,0.40807727,0.01762
1997,暁飯島工業,8.110234,4.406701,0.1333
2001,ニップン,11.890418,0.82717264,0.08039
2002,日清製粉グループ本社,24.570852,1.1651545,0.053590003
2003,日東富士製粉,19.418407,1.3600032,0.068969995
2004,昭和産業,10.649591,0.71636117,0.07174
2009,鳥越製粉,22.423368,0.69074166,0.03121
2053,中部飼料,13.45854,0.7086576,0.07118
2055,日和産業,21.234854,0.346944,0.034649998
2060,フィード・ワン,8.31916,0.72604674,0.11071999
2108,日本甜菜製糖,,0.65174603,-0.022839999
2109,ＤＭ三井製糖,19.607843,0.94235307,0.033570003
2112,塩水港精糖,5.413979,0.7210536,0.14479
2114,フジ日本,11.654704,1.1700542,0.120340005
2117,ウェルネオシュガー,16.103403,1.1975586,0.082159996
2120,ＬＩＦＵＬＬ,10.195675,1.2812383,0.10467
2121,ＭＩＸＩ,10.559726,0.98572177,0.10026
2122,インタースペース,38.606632,1.4307538,0.047080003
2124,ジェイエイシーリクルートメント,16.446375,6.174765,0.41544998
2127,日本Ｍ＆Ａセンターホールディングス,17.331657,4.5787034,0.30945998
2130,メンバーズ,16.312998,2.3936534,0.16775
2134,北浜キャピタルパートナーズ,,3.120125,-0.32606
2136,ヒップ,13.8503895,3.0703442,0.12212
2138,クルーズ,,0.570404,-0.039690003
2139,中広,28.004412,1.7000087,0.09155
2146,ＵＴグループ,19.832985,3.5079298,0.17708999
2148,アイティメディア,22.322054,3.7509818,0.15279001
2152,幼児活動研究会,16.180487,3.6364975,0.10626
2153,Ｅ・Ｊホールディングス,8.460377,0.8888052,0.08372
2154,オープンアップグループ,11.60076,1.9366457,0.17187999
2156,セーラー広告,17.98431,0.704079,0.00721
2157,コシダカホールディングス,15.624533,2.2607532,0.16499001
2158,ＦＲＯＮＴＥＯ,121.90611,9.087535,0.14543
2160,ジーエヌアイグループ,,3.7281895,-0.15619001
2162,ｎｍｓ　ホールディングス,,1.6690876,-0.15869
2163,アルトナー,15.2211275,3.9636517,0.25337
2164,地域新聞社,,12.976245,-1.35309
2168,パソナグループ,,0.5233029,-0.02813
2169,ＣＤＳ,27.324364,1.4019685,0.051269997
2170,リンクアンドモチベーション,36.90556,4.4978857,0.12942
2173,博展,8.156607,3.1345606,0.45904
2175,エス・エム・エス,19.800972,3.2421122,0.15786
2179,成学社,9.174313,0.9805591,0.11934
2180,サニーサイドアップグループ,9.050083,2.5780506,0.31308
2181,パーソルホールディングス,13.89049,2.584783,0.19106
2183,リニカル,,1.0118555,-0.26568002
2185,シイエム・シイ,11.574074,1.1249267,0.11298
2186,ソーバル,15.526676,1.5748333,0.1037
2193,クックパッド,14.240837,0.77308744,0.05589
2195,アミタホールディングス,27.621195,2.926404,0.10813
2196,エスクリ,,0.7174438,-0.099870004
2198,アイ・ケイ・ケイホールディングス,11.961159,1.9906905,0.20709999
2201,森永製菓,13.947001,1.7506915,0.14996
2204,中村屋,24.50907,0.74900633,
2206,江崎グリコ,73.53202,1.7652122,0.05448
2207,ｍｅｉｔｏ,15.67383,0.87406796,0.05481
2208,ブルボン,15.4081335,1.1898668,0.08568
2209,井村屋グループ,11.947651,1.2635984,0.102060005
2211,不二家,30.676636,1.0291879,0.037130002
2212,山崎製パン,15.748221,1.3982793,0.08948
2215,第一屋製パン,13.036908,0.48886222,0.038540002
2216,カンロ,14.836056,2.6414156,0.18864
2217,モロゾフ,25.84155,1.5344251,0.03263
2220,亀田製菓,3.4819205,0.9335926,0.31041
2221,岩塚製菓,16.528927,0.4818211,0.033299997
2222,寿スピリッツ,25.379126,6.8924103,0.29391
2224,コモ,,5.891081,0.03484
2226,湖池屋,22.472454,2.4493964,0.12746
2229,カルビー,22.27196,1.7971649,
2264,森永乳業,38.610218,1.4695103,0.04302
2266,六甲バター,15.528765,0.69280946,
2267,ヤクルト本社,18.450428,1.3386565,0.07873
2268,Ｂ－Ｒ　サーティワン　アイスクリーム,22.123652,2.6146238,0.12371001
2269,明治ホールディングス,22.72673,1.3540207,0.06292
2270,雪印メグミルク,13.404609,0.8626439,0.096499994
2281,プリマハム,22.572489,1.0979302,0.03721
2282,日本ハム,21.231565,1.2196136,0.059910003
2286,林兼産業,4.980047,0.5671514,0.114379995
2288,丸大食品,12.706326,0.7533518,0.06796
2291,福留ハム,,0.99559957,-0.21576999
2292,Ｓ　Ｆｏｏｄｓ,10.040105,0.7023287,0.07217
2293,滝沢ハム,,1.5770143,-0.047140002
2294,柿安本店,42.550243,1.9382341,0.04092
2296,伊藤ハム米久ホールディングス,19.120657,1.0531908,0.057579998
2300,きょくとう,49.021526,0.81634516,0.07152
2301,学情,11.904422,1.5997539,0.11919
2303,ドーン,21.052631,3.084908,0.16766001
2304,ＣＳＳホールディングス,8.149987,1.5089865,0.20861
2305,スタジオアリス,28.168394,1.0826633,0.03791
2307,クロスキャット,10.03015,2.174235,0.23501
2311,エプコ,17.210869,1.5649092,0.09101
2315,ＣＡＩＣＡ　ＤＩＧＩＴＡＬ,64.7541,3.380113,0.05055
2317,システナ,19.197584,4.311848,0.32909
2321,ソフトフロントホールディングス,,5.3772664,-0.17506
2323,ｆｏｎｆｕｎ,29.75,2.0744479,0.06981
2325,ＮＪＳ,20.661518,1.5818958,0.07976
2326,デジタルアーツ,25.509758,4.49459,0.19593
2327,日鉄ソリューションズ,26.595455,2.6668541,0.10735
2329,東北新社,8.849687,0.9664959,0.16194001
2330,フォーサイド,11.012783,1.5866945,0.15785
2331,ＡＬＳＯＫ,18.9387,1.7157611,
2332,クエスト,12.690209,1.269503,0.10808
2334,イオレ,,5.687653,0.02009
2335,キューブシステム,13.717045,1.4276458,
2337,いちご,12.421459,1.7714914,0.14068
2338,クオンタムソリューションズ,,-17.320354,
2340,極楽湯ホールディングス,21.504425,3.3497143,0.16882
2341,アルバイトタイムス,19.845112,1.3137151,0.06722
2342,トランスジェニックグループ,,0.88961077,-0.14701
2344,平安レイサービス,13.1924715,0.8049637,0.0646
2345,クシム,,13.748806,-0.42451
2349,エヌアイデイ,11.12368,1.1006241,0.10467
2351,ＡＳＪ,13.849509,1.0437212,0.08667
2353,日本駐車場開発,18.02097,4.5384784,0.26034
2354,ＹＥ　ＤＩＧＩＴＡＬ,13.441259,1.9901395,0.16946
2359,コア,13.351127,1.6274047,0.15379
2370,メディネット,,1.0352336,-0.69344
2371,カカクコム,21.41288,7.0226517,0.32863998
2373,ケア２１,16.028118,1.382191,0.129
2374,セントケア・ホールディング,2.934142e-06,1.6922411,0.09844
2375,ギグワークス,15.74344,1.5871034,0.22941
2376,サイネックス,25.977654,0.4616003,0.01742
2378,ルネサンス,40.492256,1.5617536,0.04729
2379,ディップ,15.872318,2.5419421,0.16216
2384,ＳＢＳホールディングス,14.00546,1.706203,0.1125
2385,総医研ホールディングス,37.74436,1.0836295,0.02863
2388,ウェッジホールディングス,,0.9656024,-0.16610001
2389,デジタルホールディングス,2.4654832e-06,1.2695073,0.05633
2391,プラネット,19.3037,1.4638131,0.07714
2393,日本ケアサプライ,17.762217,2.04112,0.12474
2395,新日本科学,13.661154,1.2034652,0.07981
2404,鉄人化ホールディングス,17.482517,7.702434,0.57965
2408,ＫＧ情報,16.863,0.9403996,0.07757
2410,キャリアデザインセンター,11.737202,2.9648378,0.27259
2411,ゲンダイエージェンシー,11.695075,1.3967507,0.11689
2413,エムスリー,23.364418,2.5652652,0.12472
2415,ヒューマンホールディングス,6.455763,0.9452241,0.14422
2418,ツカダ・グローバルホールディング,6.5275707,0.83593,0.123409994
2424,ブラス,10.537298,0.759988,0.074200004
2425,ケアサービス,10.857308,0.99989086,0.11739001
2428,ウェルネット,12.330548,1.413208,0.118590005
2429,ワールドホールディングス,7.117505,0.94503003,0.14243001
2432,ディー・エヌ・エー,6.925194,1.2163568,0.09747
2433,博報堂ＤＹホールディングス,24.937086,1.0274101,0.05341
2435,シダー,5.682116,1.3299665,0.31768999
2436,共同ピーアール,10.183657,1.9890531,0.2274
2437,Ｓｈｉｎｗａ　Ｗｉｓｅ　Ｈｏｌｄｉｎｇｓ,,3.5518696,-0.21417
2438,アスカネット,,1.0368661,-0.04772
2440,ぐるなび,177.90697,1.6479967,
2445,タカミヤ,14.686588,0.8140148,
2449,プラップジャパン,10.373093,0.90562946,0.08708
2454,オールアバウト,88.564476,1.3184202,-0.0067299996
2459,アウンコンサルティング,,4.8382573,-0.29719
2461,ファンコミュニケーションズ,23.696203,1.7653583,0.07335
2462,ライク,13.298005,1.7471696,0.13251
2464,Ａｏｂａ‐ＢＢＴ,17.79173,0.9446097,0.03612
2469,ヒビノ,15.649623,2.6362267,0.23327999
2471,エスプール,13.774403,2.1188033,0.13992
2475,ＷＤＢホールディングス,9.3897295,0.9126965,0.09974
2477,手間いらず,15.037465,9.56,0.06313
2479,ジェイテック,10.123352,1.3572623,0.107200004
2480,システム・ロケーション,16.36628,1.4669964,0.098620005
2481,タウンニュース社,9.959584,0.7236376,0.07535
2483,翻訳センター,8.250825,0.88040614,0.09791
2484,出前館,,0.52088124,-0.23591
2485,ティア,12.919505,1.3259509,0.0857
2488,ＪＴＰ,11.086276,2.3683965,0.11047
2489,アドウェイズ,43.65325,0.8071741,0.02076
2491,バリューコマース,21.45713,0.85957897,0.038900003
2492,インフォマート,55.241463,8.74429,0.16656
2493,イーサポートリンク,30.67189,1.2232754,0.03579
2497,ユナイテッド,,1.0714301,-0.07064
2498,オリエンタルコンサルタンツホールディングス,9.661911,1.2847413,0.14713
2499,日本和装ホールディングス,12.5,0.7749001,0.062750004
2501,サッポロホールディングス,48.784275,3.3593867,0.072340004
2502,アサヒグループホールディングス,14.3067465,0.88326424,0.05805
2503,キリンホールディングス,14.224966,1.6319534,0.11389
2531,宝ホールディングス,27.93313,1.4362023,0.03949
2533,オエノンホールディングス,7.8932943,0.92971003,0.119219996
2540,養命酒製造,75.18234,1.140108,0.015520001
2573,北海道コカ・コーラボトリング,34.965034,1.3491567,0.03907
2579,コカ・コーラ　ボトラーズジャパンホールディングス,,1.5088614,-0.11969
2585,ライフドリンク　カンパニー,20.746119,4.744229,0.23965
2586,フルッタフルッタ,24.406048,1.5760112,0.05617
2587,サントリー食品インターナショナル,16.05153,1.0824809,0.08036
2588,プレミアムウォーターホールディングス,17.271524,3.7934966,0.25823
2590,ダイドーグループホールディングス,,1.3288788,-0.39558
2593,伊藤園,25.0,2.0576603,0.01713
2594,キーコーヒー,72.98596,1.3324724,0.010650001
2597,ユニカフェ,21.690811,2.0608177,0.09899
2602,日清オイリオグループ,7.6044397,0.8473951,0.11686
2607,不二製油,34.60106,1.2697763,
2612,かどや製油,16.920668,1.2078482,0.078
2613,Ｊ－オイルミルズ,13.003768,0.6260478,0.03498
2652,まんだらけ,9.662398,3.5632257,0.09157
2653,イオン九州,14.881297,1.5982217,0.09432
2654,アスモ,19.22894,0.7999493,0.04447
2656,ベクターホールディングス,,8.743218,-1.5167799
2659,サンエー,19.531704,1.3325387,0.07381
2664,カワチ薬品,14.124185,0.5619754,0.03799
2666,オートウェーブ,7.8319006,0.68653715,0.04
2667,イメージ　ワン,,2.269093,-0.54605997
2668,タビオ,14.815256,1.5716451,0.11163
2669,カネ美食品,20.202288,1.5162379,0.04168
2670,エービーシー・マート,15.504249,1.8045197,0.12072
2673,夢みつけ隊,15.771812,0.5188993,0.05367
2674,ハードオフコーポレーション,13.071814,1.533827,0.12816
2676,高千穂交易,45.24439,2.2398431,0.0881
2678,アスクル,,1.9439611,-0.15322
2681,ゲオホールディングス,15.748286,0.8013179,0.060289998
2683,魚喜,82.662285,2.8091536,0.033859998
2685,アンドエスティＨＤ,15.360684,1.789768,0.11936
2686,ジーフット,,-5.357143,0.02441
2687,シー・ヴイ・エス・ベイエリア,,0.8071917,-0.30357
2689,オルバヘルスケアホールディングス,10.172994,1.0326365,0.104169995
2692,伊藤忠食品,19.960112,1.3020438,0.07042
2693,ＹＫＴ,51.559254,0.36235908,0.00348
2694,焼肉坂井ホールディングス,,2.4878237,-0.11971
2695,くら寿司,39.36921,2.1291606,0.04163
2698,キャンドゥ,117.647064,4.9832954,0.042579997
2700,木徳神糧,2.9744015,0.80428654,0.30532
2702,日本マクドナルドホールディングス,32.154213,3.8825543,0.12712
2705,大戸屋ホールディングス,46.29691,13.397843,0.29885998
2708,久世,5.899696,0.9970035,0.18271999
2721,ジェイホールディングス,,9.973839,-5.95349
2722,ＩＫホールディングス,12.437028,1.1523628,0.12652001
2726,パルグループホールディングス,0.009440962,3.2277575,0.22409001
2730,エディオン,17.301147,1.0035146,0.06372
2733,あらた,10.080786,0.7931535,0.07383
2734,サーラコーポレーション,11.655369,0.72537535,0.07492
2735,ワッツ,9.652202,0.5984843,0.06318
2736,フェスタリアホールディングス,17.95284,1.3916382,0.08512
2737,トーメンデバイス,12.658228,1.4374057,0.15467
2742,ハローズ,10.460152,1.2041239,0.121309996
2747,北雄ラッキー,35.972904,0.9827825,0.060549997
2749,ＪＰホールディングス,15.899772,2.7541034,
2750,石光商事,8.5470085,0.73019135,0.12267
2751,テンポスホールディングス,25.641027,2.6944883,0.114779994
2752,フジオフードグループ本社,625.7143,6.468993,0.01043
2753,あみやき亭,23.039612,1.3003652,0.057140004
2760,東京エレクトロン　デバイス,13.605442,1.9501643,
2762,ＳＡＮＫＯ　ＭＡＲＫＥＴＩＮＧ　ＦＯＯＤＳ,,10.01388,-2.42922
2763,エフティグループ,6.6446853,1.0563941,0.17684
2764,ひらまつ,,1.7011529,-0.0058099995
2767,円谷フィールズホールディングス,5.1679587,1.4837911,0.31019
2768,双日,11.574126,1.1989304,0.11336
2769,ヴィレッジヴァンガードコーポレーション,,3.0569134,-0.67073995
2776,新都ホールディングス,,1.9388926,0.0996
2778,パレモ・ホールディングス,68.53933,0.92712915,0.013300001
2780,コメ兵ホールディングス,16.977877,1.7208862,0.12589
2782,セリア,22.123894,2.796544,0.12371001
2784,アルフレッサ　ホールディングス,17.856617,0.8869593,0.06875
2788,アップルインターナショナル,5.7601047,0.44021022,0.0785
2789,カルラ,11.049724,1.2124375,0.11482
2790,ナフコ,80.65586,0.34922904,0.00357
2791,大黒天物産,11.990527,1.0711023,0.07804
2792,ハニーズホールディングス,12.135527,0.88052565,0.06879
2795,日本プリメックス,12.484817,0.5824504,0.041479997
2796,ファーマライズホールディングス,,0.8946021,-0.01679
2798,ワイズテーブルコーポレーション,47.61752,11.098273,0.26299
2801,キッコーマン,23.9819,2.5221279,0.1104
2802,味の素,121.94082,5.928618,0.10297
2804,ブルドックソース,9.578663,0.9214561,0.10389
2805,ヱスビー食品,14.947589,1.2376935,0.091730006
2806,ユタカフーズ,23.5281,0.6358392,0.02152
2809,キユーピー,17.888723,1.6751173,0.07763
2810,ハウス食品グループ本社,22.988676,0.9642551,0.041929998
2811,カゴメ,17.064476,1.3125243,0.075279996
2813,和弘食品,9.107468,0.9880852,0.12189
2814,佐藤食品工業,16.0,0.26113254,0.033800002
2815,アリアケジャパン,17.54386,1.3873132,0.07216
2816,ダイショー,45.252655,2.0921996,0.09382
2818,ピエトロ,,1.930216,-0.0107700005
2819,エバラ食品工業,17.82541,0.67832524,0.04833
2820,やまみ,16.286583,2.6968513,0.17607
2831,はごろもフーズ,13.089204,0.6908519,0.0572
2871,ニチレイ,18.621191,1.7540245,0.09810001
2872,セイヒョー,263.28503,2.0405185,0.0076
2874,横浜冷凍,50.76097,1.2148646,0.03824
2875,東洋水産,17.123396,2.08103,0.13028
2876,デルソーレ,,1.0882806,0.07056
2877,日東ベスト,17.920624,0.5461926,0.028350001
2882,イートアンドホールディングス,60.982307,2.0294828,0.031040002
2883,大冷,,1.3421148,-0.07297
2884,ヨシムラ・フード・ホールディングス,19.417728,1.4356688,0.07219
2892,日本食品化工,13.054874,0.64149475,
2894,石井食品,13.944879,1.3510282,0.10702
2897,日清食品ホールディングス,18.082716,1.7209172,0.10299
2901,ウェルディッシュ,9.967846,1.0113767,
2903,シノブフーズ,16.20744,1.1377409,0.066750005
2904,一正蒲鉾,34.958977,0.9227567,0.024300002
2907,あじかん,12.722983,0.5748296,0.030250002
2908,フジッコ,33.446953,0.64303464,0.01967
2910,ロック・フィールド,303.31857,1.2425075,0.00117
2911,旭松食品,15.40831,0.5019546,0.03395
2914,日本たばこ産業,20.618557,2.5195549,0.12583
2915,ケンコーマヨネーズ,13.350769,0.7740719,0.064109996
2916,仙波糖化工業,36.48925,0.65051717,0.02954
2917,大森屋,,0.39309153,-0.00017000001
2918,わらべや日洋ホールディングス,9.199779,0.82394123,0.09259
2922,なとり,28.167555,0.86821157,0.03799
2923,サトウ食品,11.918951,1.425972,0.16615999
2924,イフジ産業,7.325907,1.2636662,0.17045
2926,篠崎屋,37.546467,1.0723349,0.10065
2927,ＡＦＣ－ＨＤアムスライフサイエンス,9.124011,0.7929411,0.08692
2929,ファーマフーズ,,1.9946907,-0.15447
2930,北の達人コーポレーション,26.252506,2.2698133,0.087460004
2931,ユーグレナ,,1.804457,0.01735
2932,ＳＴＩフードホールディングス,8.802816,2.123627,0.26999
2933,紀文食品,15.24329,1.1480783,0.05372
2934,ジェイフロンティア,,5.000743,0.04637
2935,ピックルスホールディングス,10.593616,0.70967615,0.07089
2936,ベースフード,64.96945,12.564991,0.21942
2937,サンクゼール,30.86352,3.1562738,0.10917
2938,オカムラ食品工業,27.934782,3.5584922,0.14083
2961,日本調理機,9.057971,0.7605835,0.06367
2962,テクニスコ,,4.5556717,-0.90405
2970,ＧＬＣ　ＧＲＯＵＰ,12.531407,3.4158425,0.32661
2975,スター・マイカ・ホールディングス,13.642996,1.8114538,0.17834
2978,ツクルバ,68.490875,2.5044723,0.03707
2980,ＳＲＥホールディングス,56.49331,3.9830685,0.17882
2981,ランディックス,5.917144,1.2729676,0.25280002
2982,ＡＤワークスグループ,6.2231445,1.2594987,0.16779
2983,アールプランナー,8.928775,2.3867111,0.36453998
2984,ヤマイチエステート,43.480934,0.47097194,0.00434
2986,ＬＡホールディングス,10.581949,2.3311062,0.2552
2991,ランドネット,6.502266,1.237249,0.21067
2993,長栄,5.691566,0.88887954,0.18962999
2997,ストレージ王,14.555052,1.4448076,0.09924
2998,クリアル,21.144278,2.5475545,0.23942
2999,ホームポジション,8.326106,0.9090278,0.11209
3001,片倉工業,15.151347,0.8874549,0.06137
3002,グンゼ,48.541275,1.1215947,0.02777
3003,ヒューリック,12.515781,1.565854,0.12839
3004,神栄,4.91645,0.8686425,0.18318
3010,ポラリス・ホールディングス,12.534435,1.4469479,0.11903
3011,バナーズ,10.480349,0.95206255,0.08488
3020,アプライド,4.985032,0.80943245,0.18445
3021,パシフィックネット,13.736484,2.7859678,0.2744
3023,ラサ商事,9.389578,0.89151627,0.10543
3024,クリエイト,8.34727,0.8032123,0.09462
3028,アルペン,14.024896,0.6266909,0.03903
3030,ハブ,20.244762,3.6031778,0.1933
3031,ラクーンホールディングス,16.55454,2.905567,0.1568
3034,クオールホールディングス,9.416412,1.2933563,0.11964
3035,ケイティケイ,10.515142,0.8561239,0.08528
3036,アルコニックス,16.694288,1.0749757,0.08831
3038,神戸物産,21.645596,4.259788,0.18132
3040,ソリトンシステムズ,14.205095,2.466212,0.17981
3041,ビューティカダンホールディングス,,4.6033683,-0.00587
3042,セキュアヴェイル,16.101696,1.9431626,0.06587
3045,カワサキ,9.009009,0.73650676,0.05171
3046,ジンズホールディングス,19.569183,4.581584,0.25534
3048,ビックカメラ,15.151515,1.6700422,0.107480004
3050,ＤＣＭホールディングス,12.135999,0.7157744,0.061550003
3053,ペッパーフードサービス,,3.3614955,-0.03471
3054,ハイパー,10.310109,0.8052568,0.08015
3058,三洋堂ホールディングス,18.485582,1.6874068,0.13186
3059,ヒラキ,,0.6196585,-0.15559
3063,ジェイグループホールディングス,38.311687,6.036423,0.16961999
3064,ＭｏｎｏｔａＲＯ,28.572523,7.557967,0.28151
3065,ライフフーズ,138.8316,2.9243681,0.020639999
3067,東京一番フーズ,53.466507,2.2136164,0.03481
3068,ＷＤＩ,,2.8943052,-0.109189995
3069,ＪＦＬＡホールディングス,35.051548,0.9802112,0.07596
3070,ジェリービーンズグループ,,1.7546118,-0.094239995
3071,ストリーム,,0.9703574,0.050240003
3075,銚子丸,19.960155,2.2852435,0.12089
3076,あい　ホールディングス,11.299321,1.3140308,0.117130004
3077,ホリイフードサービス,14.704717,4.197331,
3079,ディーブイエックス,33.333332,1.2733997,0.03503
3080,ジェーソン,,1.6460195,-0.03287
3082,きちりホールディングス,40.158134,4.9904847,0.12618
3083,スターシーズ,,4.476256,-0.53183
3086,Ｊ．フロント　リテイリング,22.124756,1.4940019,0.06597
3087,ドトール・日レスホールディングス,16.920553,1.1540385,0.06924
3088,マツキヨココカラ＆カンパニー,16.89194,1.7749816,0.10854
3089,テクノアルファ,4.7710743,0.8552128,0.22966999
3091,ブロンコビリー,33.11158,3.0026736,0.09423
3092,ＺＯＺＯ,21.45948,10.094842,0.50288
3093,トレジャー・ファクトリー,13.037375,3.2493293,0.27658
3096,オーシャンシステム,14.305986,1.244423,0.09105
3097,物語コーポレーション,24.21261,3.9452024,0.17232999
3099,三越伊勢丹ホールディングス,20.202538,1.875109,0.096540004
3101,東洋紡,17.513601,0.65570813,0.04754
3103,ユニチカ,,3.91149,0.34915
3104,富士紡ホールディングス,24.690557,2.5604272,0.105299994
3105,日清紡ホールディングス,20.449438,1.248335,0.00866
3106,倉敷紡績,14.064777,1.2645345,0.10023
3107,ダイワボウホールディングス,9.182667,1.7224364,0.21067
3109,シキボウ,14.513557,0.3905902,0.0422
3110,日東紡績,69.9306,6.0727415,0.25874
3111,オーミケンシ,,1.0889293,-0.34333
3113,ＵＮＩＶＡ・Ｏａｋホールディングス,,4.8111486,-0.51857
3116,トヨタ紡織,21.276503,0.9037334,0.046609998
3121,マーチャント・バンカーズ,,1.5472379,-0.01049
3123,サイボー,7.5927944,0.41813728,0.06528
3131,シンデン・ハイテックス,10.040102,0.7115927,0.074829996
3132,マクニカホールディングス,20.161085,1.5809036,0.07953
3133,海帆,,23.93532,-3.7151902
3134,Ｈａｍｅｅ,9.277087,1.1764523,0.056939997
3135,マーケットエンタープライズ,60.61815,5.6225753,0.06662
3137,ファンデリー,,3.1908193,
3138,富士山マガジンサービス,49.020424,1.6107934,0.1972
3139,ラクト・ジャパン,8.116808,1.0825118,0.12887
3140,ＢＲＵＮＯ,32.999687,2.7672784,0.08687
3143,オーウイル,6.729293,1.135695,0.18195999
3148,クリエイトＳＤホールディングス,12.674296,1.4061115,0.11638
3150,グリムス,14.245265,3.6804957,0.29813
3151,バイタルケーエスケー・ホールディングス,7.4074078,0.6615491,0.06159
3153,八洲電機,13.8695,2.0040329,0.17082001
3154,メディアスホールディングス,13.812336,0.92349064,0.06735
3156,レスター,16.694225,0.893203,0.06717
3157,ジオリーブグループ,7.7758965,0.778439,0.10257
3159,丸善ＣＨＩホールディングス,6.766032,0.58659905,0.06316
3160,大光,75.15684,1.3699319,-0.0040700003
3161,アゼアス,28.495066,0.5857775,0.01671
3166,ＯＣＨＩホールディングス,17.210934,0.769915,0.050479997
3167,ＴＯＫＡＩホールディングス,14.85793,1.5804583,0.1168
3168,ＭＥＲＦ,11.454421,1.6800389,0.16117
3169,ミサワ,45.233124,2.038231,0.31087
3172,ティーライフ,13.869394,0.76516515,0.053829998
3173,Ｃｏｍｉｎｉｘ,,0.780067,0.022230001
3174,ハピネス・アンド・ディ,,3.4478025,-0.98993
3175,エー・ピーホールディングス,28.986868,10.8501005,1.18175
3176,三洋貿易,10.070272,0.8761122,0.10125
3177,ありがとうサービス,6.7522006,1.0152198,0.07628
3178,チムニー,23.362867,3.6367235,0.09182999
3179,シュッピン,19.30608,2.449565,0.17553
3180,ビューティガレージ,21.230398,2.4820895,0.12771
3181,買取王国,10.141967,1.0696385,0.1108
3182,オイシックス・ラ・大地,22.93549,1.8482801,0.12880999
3183,ウイン・パートナーズ,16.863867,1.5621518,0.09134
3184,ＩＣＤＡホールディングス,7.547202,0.8023295,0.12208
3185,夢展望,,21.601017,-0.97900003
3186,ネクステージ,21.459494,3.4111376,0.20729
3187,ミラタップ,,1.633987,-0.13805
3189,ＡＮＡＰホールディングス,,1.2343915,0.23876
3190,ホットマン,13.642892,0.74848926,
3191,ジョイフル本田,13.550085,1.0559889,
3192,白鳩,5.308045,0.98944354,0.01991
3193,エターナルホスピタリティグループ,17.985407,3.4159515,0.20376
3195,ジェネレーションパス,22.775265,1.8467033,0.06102
3196,ホットランドホールディングス,90.90909,3.243916,0.045539998
3197,すかいらーくホールディングス,43.476486,3.8801012,0.0928
3198,ＳＦＰホールディングス,48.07571,5.67781,0.12114
3199,綿半ホールディングス,14.492038,1.1321073,0.08031999
3201,日本毛織,13.812406,0.89270395,0.073249996
3202,ダイトウボウ,78.26087,0.75696594,0.01589
3204,トーア紡コーポレーション,6.8724833,0.32343426,0.047659997
3205,ダイドーリミテッド,,2.1732562,-0.22732
3221,ヨシックスホールディングス,18.797405,2.7112453,0.16738
3222,ユナイテッド・スーパーマーケット・ホールディングス,,0.88109505,-0.01577
3223,エスエルディー,25.837322,2.5955667,0.16587
3224,ゼネラル・オイスター,,2.5110645,-0.04833
3231,野村不動産ホールディングス,13.812677,1.1693779,0.0758
3232,三重交通グループホールディングス,9.225839,0.79652727,
3236,プロパスト,4.952863,0.87003374,
3237,イントランス,,7.263922,-0.76568
3238,セントラル総合開発,6.3288918,0.38312143,0.08144
3241,ウィル,10.121528,1.2446706,0.12802
3242,アーバネットコーポレーション,4.787142,1.0331779,0.22992
3245,ディア・ライフ,8.96828,1.738279,0.15099
3246,コーセーアールイー,9.514082,0.6212174,0.0671
3248,アールエイジ,10.182768,0.6023178,0.06573
3252,地主,9.661701,2.5394702,0.13866
3261,グランディーズ,,0.7281153,-0.0011
3266,ファンドクリエーショングループ,10.229885,1.0327702,0.11102
3267,フィル・カンパニー,11.83376,1.4476774,0.10434
3271,ＴＨＥグローバル社,12.136199,3.4562993,0.31281
3276,ＪＰＭＣ,12.270396,2.375893,0.19365999
3277,サンセイランディック,8.968554,0.85398173,0.09837
3280,エストラスト,4.242631,0.5578176,0.13951999
3284,フージャースホールディングス,9.284935,1.0868931,0.07085
3286,トラストホールディングス,22.779455,3.7703643,0.17423001
3288,オープンハウスグループ,10.989036,1.9326837,0.19297001
3289,東急不動産ホールディングス,9.469697,1.1696444,0.113120005
3291,飯田グループホールディングス,12.315468,0.63984835,0.054390002
3293,アズマハウス,11.261911,0.36591664,0.073359996
3294,イーグランド,22.935997,2.4005864,0.13957
3297,東武住販,10.525908,0.823799,0.07916
3299,ムゲンエステート,8.149873,1.5153375,0.19621
3300,アンビション　ＤＸ　ホールディングス,9.40748,2.1904955,0.26504
3302,帝国繊維,19.454634,0.9941757,0.05387
3306,日本製麻,5.1920123,1.2216411,0.03951
3315,日本コークス工業,,0.842334,-0.32123002
3317,フライングガーデン,11.161005,2.5306518,0.12416001
3320,クロスプラス,7.309773,0.53133744,0.09661
3321,ミタチ産業,6.825902,0.87153107,0.13262
3323,レカム,86.40777,1.3327942,0.03916
3326,ランシステム,61.73605,8.950241,0.29463
3329,東和フードサービス,24.330082,2.329791,0.10144
3333,あさひ,15.4552765,0.8728402,0.057239998
3349,コスモス薬品,15.999797,1.8212221,0.11999
3350,メタプラネット,,0.8593184,-0.06422
3352,バッファロー,9.615385,0.6050804,0.07074
3353,メディカル一光グループ,8.460312,0.6902465,0.08479
3355,クリヤマホールディングス,9.514786,0.76455665,0.083579995
3358,Ｔｒａｉｌｈｅａｄ　Ｇｌｏｂａｌ　Ｈｏｌｄｉｎｇｓ,425.0,1.8114334,-0.06098
3359,ｃｏｔｔａ,13.174526,1.2656691,0.10849
3360,シップヘルスケアホールディングス,14.947711,1.483485,0.092180006
3361,トーエル,12.853147,0.8098307,0.06959
3370,フジタコーポレーション,15.750266,5.623243,0.4878
3371,ソフトクリエイトホールディングス,13.244759,2.002861,0.17249
3372,関門海,9.277058,2.4059563,0.23929001
3374,内外テック,7.775952,0.70273185,0.08274999
3375,ＺＯＡ,7.042254,0.7366181,0.12933
3377,バイク王＆カンパニー,17.272726,0.8177067,
3382,セブン＆アイ・ホールディングス,17.301052,1.3118113,0.07605
3386,コスモ・バイオ,21.880804,0.78453404,0.03424
3387,クリエイト・レストランツ・ホールディングス,65.76576,7.0220666,0.113570005
3388,明治電機工業,8.5617,0.7393373,0.085489996
3391,ツルハホールディングス,14.306047,1.0657011,0.07546
3392,デリカフーズホールディングス,9.901434,1.4313611,0.16504999
3393,スターティアホールディングス,14.2048025,3.482398,0.28564
3395,サンマルクホールディングス,30.488482,1.9202331,0.08221
3396,フェリシモ,17.36111,0.31714734,0.0184
3397,トリドールホールディングス,79.36207,3.759162,0.04947
3399,丸千代山岡家,20.704412,41.08587,0.07913
3401,帝人,,0.8171156,-0.18936001
3402,東レ,30.117186,0.97418594,0.02648
3405,クラレ,71.92945,0.69955504,0.00657
3407,旭化成,15.503726,1.0839947,
3409,北紡,,2.4510849,-0.06816
3415,ＴＯＫＹＯ　ＢＡＳＥ,20.0,3.1498826,0.21259001
3416,ピクスタ,16.948515,1.319906,0.077020004
3417,大木ヘルスケアホールディングス,6.5231004,0.555884,0.07596
3418,バルニバービ,26.810038,2.0060325,0.07453
3420,ケー・エフ・シー,10.060574,0.5208362,0.04368
3421,稲葉製作所,15.822197,0.6120597,0.03925
3422,Ｊ－ＭＡＸ,,0.27666372,-0.07713
3423,エスイー,27.318047,0.7588724,0.01987
3426,アトムリビンテック,13.679544,0.48771125,0.03618
3431,宮地エンジニアリンググループ,10.030085,1.0658752,0.08392999
3433,トーカロ,19.379328,2.7654104,0.14538
3434,アルファＣｏ,,0.32594275,0.01135
3435,サンコーテクノ,9.756278,0.5490019,0.052789997
3436,ＳＵＭＣＯ,,1.2667283,-0.01543
3437,特殊電極,11.467805,0.62248373,0.05152
3439,三ツ知,100.99573,0.33172533,0.0025
3440,日創グループ,15.336837,0.4882112,0.03165
3441,山王,7.923856,1.2055252,0.16372
3443,川田テクノロジーズ,9.345953,0.9329024,0.07871
3444,菊池製作所,26.179085,2.585555,0.11562
3445,ＲＳ　Ｔｅｃｈｎｏｌｏｇｉｅｓ,12.626407,1.4633794,0.08681
3446,ジェイテックコーポレーション,131.60286,5.1714907,-0.01513
3447,信和,10.548697,0.81784755,0.109230004
3449,テクノフレックス,22.831587,2.7691972,0.12735
3452,ビーロット,6.2149534,1.3610797,0.23423
3454,ファーストブラザーズ,9.587943,0.6419247,0.08488
3457,Ａｎｄ　Ｄｏホールディングス,16.977098,1.2590779,0.07298
3461,パルマ,31.25,1.7209973,0.10629
3465,ケイアイスター不動産,9.049713,1.5322807,0.21402
3467,アグレ都市デザイン,7.4793377,1.7630739,0.24962
3469,デュアルタップ,52.356018,1.7008249,0.03339
3474,Ｇ－ＦＡＣＴＯＲＹ,,3.0850744,-0.19621
3475,グッドコムアセット,31.150309,3.9015403,0.099759996
3477,フォーライフ,7.886677,0.7932994,0.122320004
3479,ティーケーピー,5.7936807,1.3949866,0.26451
3480,ジェイ・エス・ビー,21.186441,2.72498,0.15916
3482,ロードスターキャピタル,6.5659466,1.5804648,0.27229
3484,イノベーションホールディングス,15.266772,4.1997876,0.33306998
3486,グローバル・リンク・マネジメント,6.9300385,2.1172156,0.3468
3489,フェイスネットワーク,7.4570866,2.3197389,0.44202998
3490,アズ企画設計,13.227343,1.0825741,0.084680006
3491,ＧＡ　ｔｅｃｈｎｏｌｏｇｉｅｓ,16.286478,2.1615622,
3494,マリオン,6.1919503,0.59349823,0.1034
3495,香陵住販,6.816544,1.0987965,0.09527001
3496,アズーム,28.65235,7.1168437,
3498,霞ヶ関キャピタル,10.548524,2.0915983,0.26387
3501,ＳＵＭＩＮＯＥ,24.753813,0.5140382,0.03592
3512,日本フエルト,39.223454,0.80818576,0.02375
3513,イチカワ,14.57697,0.6547715,0.045500003
3521,テルマー湯ホールディングス,25.079365,0.8477896,0.03317
3524,日東製網,8.56878,0.5433264,0.05797
3526,芦森工業,4.086331e-06,0.9543678,0.11306
3529,アツギ,,0.51207167,-0.056649998
3536,アクサスホールディングス,13.179075,1.8206075,0.1489
3537,昭栄薬品,11.01303,0.5801395,0.05015
3538,ウイルプラスホールディングス,6.2190723,0.8055231,0.13126999
3539,ＪＭホールディングス,12.3607645,1.6059304,0.13768
3541,農業総合研究所,,15.7688875,-0.00792
3542,ベガコーポレーション,27.028639,7.9759836,0.25392
3543,コメダホールディングス,22.27148,2.8888834,0.13536
3544,サツドラホールディングス,21.832409,1.1744946,0.05485
3546,アレンザホールディングス,17.1827,1.3566748,0.0789
3547,串カツ田中ホールディングス,23.754316,2.9798927,0.19926001
3548,バロックジャパンリミテッド,74.60784,1.8640493,0.02185
3549,クスリのアオキホールディングス,19.960388,2.5523438,0.1346
3550,スタジオアタオ,20.494053,1.2256846,-0.08412
3551,ダイニック,5.524834,0.32085323,0.080340005
3553,共和レザー,43.102688,0.64980155,0.01119
3556,リネットジャパングループ,29.156626,12.808639,0.65948
3557,ユナイテッド＆コレクティブ,,6.1472907,-0.52304
3558,ジェイドグループ,13.192978,2.7533221,-0.03956
3559,ピーバンドットコム,20.578373,1.6253918,0.096
3560,ほぼ日,10.582077,1.6416539,0.16677
3561,力の源ホールディングス,22.025967,3.77946,0.17531
3562,Ｎｏ．１,17.300827,2.5334382,0.16169001
3563,ＦＯＯＤ　＆　ＬＩＦＥ　ＣＯＭＰＡＮＩＥＳ,46.296204,10.049116,0.28351998
3565,アセンテック,9.285218,3.0871959,0.39566
3566,ユニフォームネクスト,15.797696,2.1221676,0.14335
3569,セーレン,12.674073,1.2503183,0.109160006
3571,ソトー,29.23904,0.57072145,0.01854
3577,東海染工,9.596758,0.40068483,0.06421
3580,小松マテーレ,20.245071,0.75449294,0.02617
3583,オーベクス,5.678658,0.50262403,0.08557
3591,ワコールホールディングス,20.32486,1.0441095,0.055159997
3593,ホギメディカル,227.30376,1.9280759,0.00296
3597,自重堂,22.98877,0.7633733,0.03331
3598,山喜,36.912754,0.5592121,0.00307
3600,フジックス,,0.238655,-0.01107
3607,クラウディアホールディングス,5.614973,0.74266326,0.13979
3608,ＴＳＩホールディングス,23.698563,0.8411781,0.03349
3611,マツオカコーポレーション,8.904874,0.6170947,0.06871
3612,ワールド,9.140758,1.2049694,0.13057
3622,ネットイヤーグループ,24.628548,1.8999454,0.10378
3623,ビリングシステム,17.123922,2.2310045,0.13859001
3624,アクセルマーク,,2.5351188,
3625,テックファームホールディングス,9.478886,1.5749952,0.17829001
3626,ＴＩＳ,16.102955,2.5115595,0.1634
3627,テクミラホールディングス,,0.5510031,-0.00542
3628,データホライゾン,,20.813944,
3632,グリーホールディングス,45.47591,0.7191972,0.01535
3633,ＧＭＯペパボ,11.37643,3.5400252,0.3386
3634,ソケッツ,,1.8145461,-0.337
3635,コーエーテクモホールディングス,16.129328,2.274042,0.15953
3636,三菱総合研究所,12.019231,1.0473626,0.11314999
3639,ボルテージ,,0.694873,-0.00588
3640,電算,6.305144,1.1813887,0.29734
3641,パピレス,83.333336,0.9484202,0.0058099995
3645,メディカルネット,72.009575,1.4021848,0.120740004
3646,駅探,,1.1105828,-0.0376
3647,ジー・スリーホールディングス,,3.2512221,-0.4
3648,ＡＧＳ,10.2252445,1.277846,0.14006
3649,ファインデックス,16.367266,3.6792254,0.23066999
3652,ディジタルメディアプロフェッショナル,,2.1969945,0.049590003
3653,モルフォ,,1.0857061,-0.09731
3655,ブレインパッド,1.9394594e-05,10.594145,0.01788
3656,ＫＬａｂ,,2.5216856,-0.40401
3657,ポールトゥウィンホールディングス,,1.3315076,-0.33376998
3659,ネクソン,24.570627,2.098358,0.08557
3660,アイスタイル,23.698563,2.2057738,0.13946
3661,エムアップホールディングス,21.049662,5.747569,0.30561
3662,エイチームホールディングス,31.64439,2.1060383,0.07703
3663,セルシス,26.665457,8.533801,0.27963
3664,モブキャストホールディングス,,2.5474463,-0.56823003
3665,エニグモ,47.624847,1.3194971,0.02861
3667,ｅｎｉｓｈ,,0.8155804,-1.3917799
3668,コロプラ,,0.86917543,-0.0027
3670,協立情報通信,7.558652,1.1769189,
3671,ソフトマックス,15.129924,2.2119286,0.15399
3672,オルトプラス,,2.5011222,-0.58423
3673,ブロードリーフ,69.93318,3.496776,0.051269997
3674,オークファン,,0.8798622,-0.09889
3675,クロス・マーケティンググループ,9.276383,1.399072,0.16091
3676,デジタルハーツホールディングス,21.008604,2.0263634,0.06977
3678,メディアドゥ,11.614518,1.1088532,0.09982
3679,じげん,10.660927,1.9578208,0.19610001
3680,ホットリンク,,0.8906429,-0.36145002
3681,ブイキューブ,,-2.0941722,
3682,エンカレッジ・テクノロジ,18.115746,1.4600757,0.0100300005
3683,サイバーリンクス,8.992868,1.2177327,0.09355
3686,ディー・エル・イー,,1.2285814,0.29905
3687,フィックスターズ,23.096067,5.522582,0.26449
3690,イルグルム,,1.9887127,-0.02656
3691,デジタルプラス,,8.020713,-0.06927
3692,ＦＦＲＩセキュリティ,44.444447,15.196438,0.4367
3694,オプティム,17.98591,2.6382496,0.0028900001
3695,ＧＭＯプロダクトプラットフォーム,39.684814,3.006572,0.070539996
3696,セレス,7.215067,1.3562529,0.1402
3697,ＳＨＩＦＴ,23.306402,4.607304,0.22632
3698,ＣＲＩ・ミドルウェア,13.210827,1.399582,0.08999
3708,特種東海製紙,14.770642,0.67772526,0.047420003
3710,ジョルダン,13.228131,0.7570242,0.04741
3712,情報企画,15.431059,2.3234477,0.17175
3719,ＡＩストーム,36.899227,6.4605446,
3723,日本ファルコム,25.062628,2.1186135,0.12697
3726,フォーシーズＨＤ,,3.297228,-0.31639
3727,アプリックス,,1.6902559,-0.05544
3733,ソフトウェア・サービス,9.842553,1.4334323,0.1456
3741,セック,22.221415,3.1548216,0.15503
3744,サイオス,12.076902,2.0831873,0.18862
3747,インタートレード,,3.5752969,-0.01048
3750,ＡＤＲ１２０Ｓ,,73.01335,-1.6092501
3753,フライトソリューションズ,,3.3605378,-0.20548001
3758,アエリア,14.7929,0.6006266,0.041100003
3760,ケイブ,,0.600653,-0.91129
3762,テクマトリックス,16.639536,2.782129,0.16163
3763,プロシップ,14.368332,3.5756733,0.28843
3765,ガンホー・オンライン・エンターテイメント,100.0,1.1238248,0.02814
3766,システムズ・デザイン,11.834377,0.8732199,0.083909996
3768,リスクモンスター,3.2414436,0.68252,0.21505
3769,ＧＭＯペイメントゲートウェイ,31.847069,6.257886,0.21246
3771,システムリサーチ,11.933027,2.2822242,0.20375
3772,ウェルス・マネジメント,109.84615,1.1756738,0.04877
3773,アドバンスト・メディア,12.047697,1.357443,0.13268
3774,インターネットイニシアティブ,21.692198,3.1912696,0.15630001
3776,ブロードバンドタワー,48.56557,1.5932773,-0.04804
3777,環境フレンドリーホールディングス,,4.733921,-0.00087
3778,さくらインターネット,91.731895,5.1123347,0.02639
3779,ジェイ・エスコムホールディングス,3.8807504,2.849433,-0.25386
3787,テクノマセマティカル,,0.6461233,0.0137
3788,ＧＭＯグローバルサイン・ホールディングス,23.981281,2.3359084,0.101739995
3791,ＩＧポート,41.666668,2.5585175,0.12337
3793,ドリコム,,4.013378,-0.48630002
3796,いい生活,184.73685,2.5425386,0.0339
3798,ＵＬＳグループ,19.117647,2.6862342,0.17358999
3799,キーウェアソリューションズ,8.474706,1.2145963,0.12347999
3800,ユニリタ,18.553307,1.191838,0.07946
3802,エコミック,25.58014,1.2122886,0.03621
3803,イメージ情報開発,,15.793827,-1.25333
3804,システム　ディ,17.857143,2.270124,0.1353
3807,フィスコ,,4.6572123,-1.2918601
3810,サイバーステップホールディングス,,2.637602,-0.47077
3815,メディア工房,,7.569457,-0.88155
3816,大和コンピューター,16.862688,0.82721454,0.04948
3817,ＳＲＡホールディングス,15.625,1.8535637,0.11399999
3823,ＴＨＥ　ＷＨＹ　ＨＯＷ　ＤＯ　ＣＯＭＰＡＮＹ,,5.2142587,-0.3736
3825,リミックスポイント,10.307414,1.1633306,-0.08094
3826,システムインテグレータ,10.880953,1.1189489,0.10678001
3834,朝日ネット,11.48207,1.3091431,0.09995
3835,ｅＢＡＳＥ,16.444792,2.6318262,0.16430001
3836,アバントグループ,13.792753,3.040112,0.23725
3837,アドソル日進,20.407078,3.3957512,0.20111999
3839,ＯＤＫソリューションズ,23.416288,0.8535038,0.03279
3840,パス,,2.0381753,-0.25252
3841,ジーダット,20.120378,1.7687744,0.04393
3842,ネクストジェン,11.00067,1.3074064,0.13333
3843,フリービット,10.309278,3.7945464,0.27856
3844,コムチュア,13.908314,2.348492,0.17153
3845,アイフリークモバイル,,7.6455445,-0.08405
3848,データ・アプリケーション,20.963596,1.2576306,
3850,エヌ・ティ・ティ・データ・イントラマート,20.36628,2.4920325,0.15412
3851,日本一ソフトウェア,,0.54043925,-0.03627
3853,アステリア,24.752913,3.9023802,0.17411
3854,アイル,15.408585,4.8988686,0.39629
3856,Ａｂａｌａｎｃｅ,1.7841088,0.32346815,
3858,ユビキタスＡＩ,,1.7058481,-0.05633
3861,王子ホールディングス,24.38749,0.72335786,0.025969999
3863,日本製紙,9.354775,0.34073016,0.02888
3864,三菱製紙,13.157895,0.5259808,-0.00107
3865,北越コーポレーション,13.003186,0.56079084,0.04042
3877,中越パルプ工業,33.901283,0.4138731,-0.01107
3878,巴川コーポレーション,15.4561405,0.52726704,0.04081
3880,大王製紙,,0.6910865,0.02016
3891,ニッポン高度紙工業,24.509804,1.7894584,0.091529995
3892,岡山製紙,10.537473,0.56855166,0.05362
3895,ハビックス,4.9605546,0.44604424,0.09604
3896,阿波製紙,,0.9631803,-0.007850001
3900,クラウドワークス,,1.5569645,-0.05367
3901,マークラインズ,13.262759,3.0057206,0.22972
3902,メディカル・データ・ビジョン,227.26047,20.691519,0.08816
3903,ｇｕｍｉ,6.123163,0.86265755,0.112040006
3904,カヤック,10.060976,1.1404873,0.11411
3905,データセクション,,2.9201283,-0.087390006
3907,シリコンスタジオ,8.019182,0.9502447,0.04977
3908,コラボス,11.848341,1.2230835,0.09264
3909,ショーケース,7.4742265,1.1712972,0.53895
3910,エムケイシステム,262.83185,2.3463793,0.18833
3911,Ａｉｍｉｎｇ,8.290378,1.3099133,0.19429001
3912,モバイルファクトリー,17.825443,2.790437,0.15043001
3913,ＧｒｅｅｎＢｅｅ,13.174748,1.9262861,0.15736
3914,ＪＩＧ－ＳＡＷ,40.816647,5.0582905,0.12826
3915,テラスカイ,15.575992,1.948689,0.12504
3916,デジタル・インフォメーション・テクノロジー,12.987541,3.2858331,0.27299
3917,アイリッジ,5.841035,1.209594,-0.04874
3918,ＰＣＩホールディングス,12.77164,1.1220783,
3920,アイビーシー,13.495277,2.503442,0.08844
3921,ネオジャパン,12.48452,3.0249498,0.12353
3922,ＰＲ　ＴＩＭＥＳ,11.737089,2.9855268,0.29639998
3923,ラクス,30.30467,11.613004,0.51668
3924,ランドコンピュータ,14.815415,2.8061976,0.11999
3925,ダブルスタンダード,12.771789,2.9647727,0.21395001
3926,オープンドア,,2.8239114,-0.29681
3927,フーバーブレイン,14.045539,2.5565403,0.23900999
3928,マイネット,10.373135,1.5641792,0.1542
3929,ソーシャルワイヤー,20.32725,2.2051997,0.11572
3930,はてな,26.808786,1.2867498,0.04889
3931,バリューゴルフ,,3.0607896,-0.00638
3932,アカツキ,20.0,0.96967685,0.090579994
3933,チエル,9.680727,1.6242781,0.20952
3934,ベネフィットジャパン,12.063026,1.3215643,0.11776
3935,エディア,9.451718,3.3848965,-0.69077003
3936,グローバルウェイ,66.51786,7.1586437,-0.60668
3937,Ｕｂｉｃｏｍホールディングス,12.254721,2.084987,0.16533001
3939,カナミックネットワーク,24.273504,55.04409,0.27003
3940,ノムラシステムコーポレーション,15.175538,1.7539037,0.118999995
3941,レンゴー,14.683796,0.63360834,0.06878
3943,大石産業,13.369405,0.56321126,0.03232
3944,古林紙工,8.354101,0.29887825,0.0584
3945,スーパーバッグ,3.5906422,0.6729093,0.16635
3946,トーモク,7.6219172,0.5752608,0.080649994
3947,ダイナパック,7.3910866,0.49206898,0.068280004
3948,光ビジネスフォーム,42.72826,1.1066889,0.01607
3950,ザ・パック,12.64239,0.9774769,0.07954
3951,朝日印刷,13.333334,0.52958035,0.04196
3953,大村紙業,,0.5784681,-0.01316
3954,昭和パックス,11.61421,0.551065,0.050100002
3955,イムラ,8.077381,0.49286935,0.05134
3958,笹徳印刷,13.299233,0.32769623,0.02542
3961,シルバーエッグ・テクノロジー,,1.8300302,0.0073400005
3962,チェンジホールディングス,9.28543,1.373851,0.29529
3963,シンクロ・フード,26.4566,2.6338685,
3964,オークネット,18.796183,4.204589,0.22961001
3965,キャピタル・アセット・プランニング,11.990853,1.2956069,0.12814
3967,エルテス,,1.9768748,-0.34704
3968,セグエグループ,14.470145,4.078013,0.32437
3969,エイトレッド,15.037594,1.9361085,0.14345
3970,イノベーション,,0.82971597,-0.06397
3974,ＳＣＡＴ,13.459781,0.90299064,0.06774
3976,シャノン,,2.246325,
3979,うるる,14.102032,2.7153296,0.21598
3981,ビーグリー,10.4495945,0.8843676,0.08785
3983,オロ,17.00748,3.0785851,0.18367
3984,ユーザーローカル,15.289778,2.690059,0.19016
3985,テモナ,28.966522,1.4319226,0.11773
3986,ビーブレイクシステムズ,26.602238,0.46056083,0.052449998
3987,エコモット,,4.250731,-0.0093
3988,ＳＹＳホールディングス,13.928013,1.4433291,0.1084
3989,シェアリングテクノロジー,20.040588,6.206723,
3991,ウォンテッドリー,12.180132,2.0407207,0.17940001
3992,ニーズウェル,20.119608,3.8767345,0.21145001
3993,ＰＫＳＨＡ　Ｔｅｃｈｎｏｌｏｇｙ,36.23021,2.8234086,
3994,マネーフォワード,175.4386,6.1551337,0.08663999
3996,サインポスト,37.310925,1.5115099,0.041279998
3997,トレードワークス,262.66666,8.624464,0.03556
3998,すららネット,,0.91331047,-0.00358
4004,レゾナック・ホールディングス,77.52131,3.234282,0.04374
4005,住友化学,10.214286,0.84117645,0.12083
4008,住友精化,14.084194,0.82752985,0.040710002
4011,ヘッドウォータース,169.43042,6.7972116,0.057189997
4012,アクシス,10.764007,1.6657926,0.16827999
4013,勤次郎,13.623133,1.3487084,0.103269994
4014,カラダノート,30.757576,4.779226,0.20489
4015,ペイクラウドホールディングス,106.2802,1.4896066,0.01451
4016,ＭＩＴホールディングス,19.306507,2.5916636,0.10312
4017,クリーマ,54.901962,1.3339527,0.02414
4019,スタメン,28.091797,3.7789567,0.14439
4020,ビートレンド,,1.9143554,-0.12154
4021,日産化学,19.455463,3.6009817,0.19723
4022,ラサ工業,16.556599,2.2977526,0.15564999
4023,クレハ,21.36774,0.873899,0.050380003
4025,多木化学,11.223388,0.84871763,0.080970004
4026,神島化学工業,11.12369,4.2086706,0.096420005
4027,テイカ,21.366545,0.69864964,0.02624
4028,石原産業,7.980844,0.88151133,0.14339
4031,片倉コープアグリ,,0.47562408,-0.03565
4040,南海化学,6.385683,0.60035163,0.27906
4041,日本曹達,13.1924715,1.0143838,0.077259995
4042,東ソー,18.974884,0.9311242,
4043,トクヤマ,11.494323,0.9909107,0.091230005
4044,セントラル硝子,21.141336,0.89070344,0.04385
4045,東亞合成,15.408295,0.9000127,0.059770003
4046,大阪ソーダ,19.76252,1.9222349,0.10943
4047,関東電化工業,48.77466,1.3767784,0.046329997
4051,ＧＭＯフィナンシャルゲート,30.768452,8.232618,0.28167
4052,フィーチャ,,2.5831792,-0.082550004
4053,Ｓｕｎ　Ａｓｔｅｒｉｓｋ,36.498764,1.580225,0.04543
4054,日本情報クリエイト,17.243402,2.0636938,
4055,ティアンドエスグループ,25.318161,4.3743806,
4056,ニューラルグループ,,2.9925234,-0.08682
4057,インターファクトリー,18.177526,1.2725085,0.05825
4058,トヨクモ,19.417866,5.2238703,0.30663002
4059,まぐまぐ,93.3735,1.5706859,0.01802
4060,ｒａｋｕｍｏ,27.929642,3.6336648,0.15468
4061,デンカ,,1.0707862,-0.05479
4062,イビデン,78.12368,4.754533,0.07564
4063,信越化学工業,26.738153,2.9925811,0.11484
4064,日本カーバイド工業,9.017185,0.7080696,0.07716
4068,ベイシス,29.584942,1.621703,0.055999998
4069,ＢｌｕｅＭｅｍｅ,34.59854,1.5675702,0.04783
4071,プラスアルファ・コンサルティング,27.776356,6.254718,0.27903
4072,電算システムホールディングス,11.135693,1.3125607,0.123459995
4073,ジィ・シィ企画,,10.648557,-0.96629
4074,ラキール,19.646465,1.4464113,0.07797
4075,ブレインズテクノロジー,41.661404,4.544515,0.11757
4076,シイエヌエス,9.496845,1.2313282,0.13597
4078,堺化学工業,10.638298,0.7379692,0.05493
4082,第一稀元素化学工業,44.052116,1.5113529,0.02641
4088,エア・ウォーター,48.31377,1.166574,0.016619999
4091,日本酸素ホールディングス,23.923155,2.1916523,0.10508
4092,日本化学工業,14.084507,0.6611294,0.043420002
4093,東邦アセチレン,13.624921,0.80596375,0.06696
4094,日本化学産業,20.202187,0.9725829,0.05292
4095,日本パーカライジング,13.175675,0.8286931,0.06325
4097,高圧ガス工業,12.345679,0.7361895,0.053200003
4098,チタン工業,34.601627,0.609157,0.09889
4099,四国化成ホールディングス,25.062073,2.2340717,0.09482
4100,戸田工業,,0.7592606,-0.23154
4102,丸尾カルシウム,18.762474,0.29941565,0.02211
4107,伊勢化学工業,45.454548,6.863418,0.17181998
4109,ステラ　ケミファ,21.008232,1.3631841,0.05662
4112,保土谷化学工業,19.919878,0.7085477,0.05903
4113,田岡化学工業,7.027641,0.6928387,0.09206
4114,日本触媒,20.747435,0.83991855,0.04674
4116,大日精化工業,12.531328,0.5735102,0.053839996
4118,カネカ,11.94734,0.62566155,0.05547
4119,日本ピグメントホールディングス,,0.4245856,-0.04125
4120,スガイ化学工業,6.4433203,0.3853142,0.022909999
4124,大阪油化工業,,1.7507048,0.04378
4125,三和油化工業,19.76296,1.1262426,0.06413
4151,協和キリン,19.268026,1.4453568,0.076869994
4165,プレイド,24.15477,5.2014656,0.22508
4166,かっこ,,2.720977,-0.17862
4167,ココペリ,,1.417113,-0.15001
4168,ヤプリ,10.152213,3.152864,0.35749
4169,ＥＮＥＣＨＡＮＧＥ,,2.8553987,-0.5276
4170,Ｋａｉｚｅｎ　Ｐｌａｔｆｏｒｍ,102.906975,1.0097898,0.00977
4171,グローバルインフォメーション,17.152725,1.5795704,0.093
4172,Ｈｉクラテス,11.834319,1.2537831,0.10939
4174,アピリッツ,106.42978,1.3678939,-0.21871
4175,ｃｏｌｙ,75.18169,2.0986497,0.01349
4176,ココナラ,22.026094,2.5092895,0.11735
4177,ｉ‐ｐｌｕｇ,10.482194,3.7347133,0.3032
4178,Ｓｈａｒｉｎｇ　Ｉｎｎｏｖａｔｉｏｎｓ,89.34426,1.2680317,0.014400001
4179,ジーネクスト,,18.707838,-0.71055
4180,Ａｐｐｉｅｒ　Ｇｒｏｕｐ,38.60911,2.6506712,0.07159
4182,三菱瓦斯化学,,1.2768135,-0.01591
4183,三井化学,42.016365,0.8593377,0.0298
4186,東京応化工業,32.467113,2.640351,0.05544
4187,大阪有機化学工業,12.42236,1.6364735,0.14998999
4188,三菱ケミカルグループ,37.87438,0.72608966,0.03679
4189,ＫＨネオケム,12.739028,1.3958228,0.11003
4192,スパイダープラス,,4.0415626,-0.00641
4193,ファブリカホールディングス,38.02348,2.9469962,0.065
4194,ビジョナル,17.512997,3.9421682,0.26342
4196,ネオマーケティング,135.10738,4.471045,0.05552
4197,アスマーク,13.793304,1.7320437,
4198,テンダ,914.5161,1.4518769,0.02688
4199,ワンダープラネット,,0.68536925,
4202,ダイセル,9.166054,0.84123313,0.10627
4203,住友ベークライト,23.201752,1.3872228,0.08133
4204,積水化学工業,15.1748905,1.2738847,
4205,日本ゼオン,9.96004,0.96206367,0.09689
4206,アイカ工業,14.005526,1.2597919,0.10466
4208,ＵＢＥ,41.321964,0.5596759,0.08762
4212,積水樹脂,18.248175,0.7061298,0.04504
4216,旭有機材,16.528696,1.4296268,0.07391
4218,ニチバン,21.322948,0.8786733,0.03593
4220,リケンテクノス,11.000947,1.3034248,0.13674
4221,大倉工業,14.084717,0.8458963,0.06099
4222,児玉化学工業,0.7867181,0.63022286,1.33781
4224,ロンシール工業,47.62135,0.4672377,0.01198
4228,積水化成品工業,,0.469405,-0.16943
4229,群栄化学工業,18.148947,0.6544223,0.04603
4231,タイガースポリマー,5.2246766,0.4526101,0.095410004
4234,サンエー化研,14.43124,0.33972865,0.01689
4235,ウルトラファブリックス・ホールディングス,18.869493,0.43982446,0.36705002
4237,フジプレアム,54.644806,1.155238,0.0005
4238,ミライアル,17.889088,0.4718103,0.02665
4240,クラスターテクノロジー,12.390978,1.3310719,0.120179996
4241,アテクト,35.71108,1.9335077,0.07443
4242,タカギセイコー,,0.46768418,-0.12177
4243,ニックス,10.717704,0.45530304,0.04918
4245,ダイキアクシス,20.574713,0.98583215,0.04829
4246,ダイキョーニシカワ,8.665614,0.69026893,0.10488
4247,ポバール興業,18.7617,0.58312374,0.03663
4248,竹本容器,13.888888,0.8850735,0.064899996
4249,森六,,0.5286096,-0.09842
4251,恵和,10.245701,0.9695735,0.09688
4255,ＴＨＥＣＯＯ,25.839169,8.321862,0.38926
4256,サインド,49.26215,1.9800115,0.061869998
4258,網屋,33.223907,8.835944,0.30264
4259,エクサウィザーズ,,17.98317,-0.31689
4260,ハイブリッドテクノロジーズ,168.98734,1.4887507,-0.0108
4261,アジアクエスト,19.1208,2.8115911,0.1586
4262,ニフティライフスタイル,12.40675,1.4896646,0.1234
4263,サスメド,,3.8876715,-0.060539998
4264,セキュア,52.913338,3.4422314,0.0889
4265,Ｉｎｓｔｉｔｕｔｉｏｎ　ｆｏｒ　ａ　Ｇｌｏｂａｌ　Ｓｏｃｉｅｔｙ,,2.3495405,-0.17297001
4270,ＢｅｅＸ,10.3095045,1.3802056,0.15942
4272,日本化薬,12.20982,0.9806321,0.07911
4274,細谷火工,30.5773,1.4564148,0.03848
4275,カーリット,21.738396,1.4794582,0.087
4284,ソルクシーズ,12.423841,1.429961,0.11309
4286,ＣＬホールディングス,19.958706,1.587947,0.07621
4287,ジャストプランニング,13.774343,1.4362625,0.13365
4288,アズジェント,,1.3178159,0.22186
4290,プレステージ・インターナショナル,16.47482,1.8253024,0.12312999
4293,セプテーニ・ホールディングス,25.980976,1.362075,0.051119998
4299,ハイマックス,11.792859,1.2129267,0.10637
4301,アミューズ,6.939704,0.868671,0.14023
4307,野村総合研究所,27.472588,5.585705,0.22697
4308,Ｊストリーム,18.450912,0.8771107,0.04356
4310,ドリームインキュベータ,20.833672,2.0737677,0.07447
4316,ビーマップ,,2.6215231,-0.53535
4317,レイ,9.54142,0.8734453,0.17889999
4318,クイック,15.773101,2.5478535,0.21108
4320,ＣＥホールディングス,12.09147,2.544475,0.25094
4323,日本システム技術,17.123993,3.1822772,0.18988001
4324,電通グループ,,2.1654794,-0.52415
4326,インテージホールディングス,23.363432,1.8814889,0.11282
4331,テイクアンドギヴ・ニーズ,,0.5805412,
4333,東邦システムサイエンス,15.897721,2.184386,-0.00914
4334,ユークス,15.998412,1.2924414,0.06848
4335,ＩＰＳホールディングス,10.1519165,1.6918683,0.17729001
4337,ぴあ,18.115942,5.3386827,0.38563
4341,西菱電機,6.4265084,0.48970756,0.11243
4343,イオンファンタジー,18.051027,6.4213753,0.36488998
4344,ソースネクスト,,2.9375596,
4345,シーティーエス,15.290365,2.5330184,0.19347
4346,ＮＥＸＹＺ．Ｇｒｏｕｐ,10.449865,2.4595306,0.18622999
4347,ブロードメディア,29.763105,3.5123355,0.13813
4350,メディカルシステムネットワーク,10.3742485,0.9232049,0.052020002
4351,山田再生系債権回収総合事務所,66.68661,1.40974,0.021140002
4356,応用技術,11.136066,9.664477,0.06505
4360,マナック・ケミカル・パートナーズ,,0.729469,-0.01935
4361,川口化学工業,6.0570216,0.5770127,0.10305
4362,日本精化,11.695821,1.0498832,0.09232
4365,松本油脂製薬,9.124312,0.7228533,0.081140004
4366,ダイトーケミックス,18.015873,0.9156198,0.054780003
4367,広栄化学,,0.84474474,0.0056
4368,扶桑化学工業,25.063581,2.8566406,0.12186
4369,トリケミカル研究所,18.215044,2.7777653,0.16284001
4370,モビルス,41.48802,1.4680291,0.05572
4371,コアコンセプト・テクノロジー,13.227819,3.673852,0.32446998
4372,ユミルリンク,12.610993,1.5234461,0.12385
4373,シンプレクス・ホールディングス,22.422804,4.0688777,0.20173
4374,ＲＯＢＯＴ　ＰＡＹＭＥＮＴ,16.583202,6.6273255,0.44499
4375,セーフィー,98.97172,4.7149014,0.04902
4376,くふうカンパニーホールディングス,,1.1053714,-0.16837999
4377,ワンキャリア,25.12656,6.7682176,0.31381
4378,ＣＩＮＣ,,1.2459886,
4379,Ｐｈｏｔｏｓｙｎｔｈ,26.450237,3.201041,0.098620005
4380,Ｍマート,14.641667,3.0455732,0.2245
4381,ビープラッツ,,3.6439402,
4382,ＨＥＲＯＺ,,2.8876479,0.038399998
4384,ラクスル,35.589066,5.5695186,0.16535999
4385,メルカリ,22.421137,5.791753,0.30584
4386,ＳＩＧグループ,10.320244,1.9081949,0.21184
4387,ＺＵＵ,385.41666,2.032416,0.04073
4388,エーアイ,,1.1306853,
4389,プロパティデータバンク,15.479163,2.2546463,0.16114001
4390,ＩＰＳ,13.106051,2.5712674,0.18786
4391,ロジザード,17.542505,2.2306118,0.16024
4392,ＦＩＧ,12.867791,1.6212822,
4393,バンク・オブ・イノベーション,15.773056,14.765311,0.19985001
4394,エクスモーション,20.203938,1.565063,0.08845
4395,アクリート,25.19084,2.486673,0.10852
4396,システムサポートホールディングス,14.245119,3.5271802,0.27657
4397,チームスピリット,17.515923,15.412099,
4398,ブロードバンドセキュリティ,29.070316,2.4630296,0.08623
4401,ＡＤＥＫＡ,15.551898,1.2698581,0.0817
4403,日油,20.921036,2.5203745,0.12353
4404,ミヨシ油脂,2.349623,0.5303433,0.26101
4406,新日本理化,16.082802,0.38974467,0.01049
4409,東邦化学工業,12.969402,0.7065203,0.05659
4410,ハリマ化成グループ,22.677662,0.59440255,0.04822
4412,サイエンスアーツ,74.62752,9.556946,0.13257
4413,ボードルア,28.818298,9.157716,0.39995
4414,フレクト,10.661172,2.279305,0.25643998
4415,ブロードエンタープライズ,19.645496,5.0046096,0.29368
4416,Ｔｒｕｅ　Ｄａｔａ,50.774338,1.978039,0.04402
4417,グローバルセキュリティエキスパート,56.81356,9.431343,
4418,ＪＤＳＣ,27.62836,2.3674653,0.099209994
4419,Ｆｉｎａｔｅｘｔホールディングス,69.923035,6.0884132,0.11806
4420,イーソル,17.858288,1.858271,0.10981
4421,ディ・アイ・システム,10.341297,1.6661444,0.14965999
4422,ＶＡＬＵＥＮＥＸ,112.38938,15.444827,0.14882
4424,Ａｍａｚｉａ,,2.0704901,
4425,Ｋｕｄａｎ,,10.986903,-0.17343001
4427,ＥｄｕＬａｂ,145.0,1.8351672,-0.05057
4428,シノプス,19.80454,2.2668872,0.11851
4429,リックソフト,14.925882,1.1890123,0.08293
4430,東海ソフト,9.813455,1.401755,
4431,スマレジ,27.932837,5.42803,0.23876
4432,ウイングアーク１ｓｔ,15.015272,2.067497,0.14579001
4433,ヒト・コミュニケーションズ・ホールディングス,34.131508,1.5916032,0.16949
4434,サーバーワークス,,1.5466555,-0.05671
4436,ミンカブ・ジ・インフォノイド,,5.9735494,-1.42638
4437,ｇｏｏｄｄａｙｓホールディングス,23.040558,1.8324368,0.19607
4438,Ｗｅｌｂｙ,,10.10101,-0.9352
4439,東名,10.650195,2.2820108,0.24114001
4440,ヴィッツ,11.44177,1.6997916,0.16061
4441,トビラシステムズ,23.419893,5.733477,0.25867
4442,バルテス・ホールディングス,16.23301,2.4229496,0.17934999
4443,Ｓａｎｓａｎ,82.62214,8.914035,0.15695
4444,インフォネット,,1.7820132,
4445,リビン・テクノロジーズ,15.220991,2.7123625,0.19233999
4446,Ｌｉｎｋ－Ｕグループ,,4.0292315,
4447,ピー・ビーシステムズ,34.48524,2.686649,0.049889997
4448,ｋｕｂｅｌｌ,61.309525,6.5004735,0.119540006
4449,ギフティ,37.174843,3.6757643,0.10974
4450,パワーソリューションズ,20.407997,2.1990244,0.12073
4452,花王,25.9066,2.5538843,0.10995
4461,第一工業製薬,23.20192,1.8404828,
4462,石原ケミカル,14.430055,1.4901016,0.111949995
4463,日華化学,11.07416,0.7527846,0.07198
4464,ソフト９９コーポレーション,27.24715,1.3589786,0.05669
4465,ニイタカ,6.693365,0.88969195,0.10569
4471,三洋化成工業,8.312498,0.7434112,0.09594
4475,ＨＥＮＮＧＥ,23.811775,9.575156,0.3763
4476,ＡＩ　ＣＲＯＳＳ,24.450224,2.0211892,0.09034
4477,ＢＡＳＥ,19.565216,2.3602371,0.12745
4478,フリー,163.93552,7.174959,0.045560002
4479,マクアケ,32.465496,2.312162,0.109639995
4480,メドレー,76.340904,4.843727,0.05568
4481,ベース,15.037595,4.3535876,0.29975998
4482,ウィルズ,17.793337,5.7432747,0.35446
4483,ＪＭＤＣ,39.0625,2.8755784,0.08868
4484,ランサーズ,28.72984,3.188633,0.1445
4486,ユナイトアンドグロウ,13.156878,2.9308727,0.18837999
4487,スペースマーケット,16.449236,3.4889317,0.24208
4488,ＡＩ　ｉｎｓｉｄｅ,,1.9729043,-0.08179
4490,ビザスク,9.3982725,3.2243063,0.71724
4491,コンピューターマネージメント,15.037408,1.5586067,0.120179996
4492,ゼネテック,17.035961,2.2604914,0.17135
4493,サイバーセキュリティクラウド,20.492004,3.8625524,0.26808
4494,バリオセキュア,9.542123,0.59840435,0.059510004
4495,アイキューブドシステムズ,15.527602,3.8304074,0.25608
4496,コマースＯｎｅホールディングス,30.963207,1.991174,0.086
4498,サイバートラスト,22.93578,2.8558373,0.13874
4499,Ｓｐｅｅｅ,,4.4156837,-0.19285
4502,武田薬品工業,78.7426,1.15448,0.01503
4503,アステラス製薬,36.762165,2.5944693,0.19815001
4506,住友ファーマ,5.6592627,3.0304863,0.48386002
4507,塩野義製薬,16.051044,1.809676,0.13512
4512,わかもと製薬,172.81554,1.0234767,-0.0183
4516,日本新薬,10.74103,1.2089901,0.11224
4519,中外製薬,31.64538,6.782765,0.22103001
4521,科研製薬,294.22128,1.0843049,-0.02546
4523,エーザイ,27.93261,1.5497667,0.04887
4524,森下仁丹,15.698985,0.7189423,0.044710003
4526,理研ビタミン,9.06616,1.0262864,0.11729
4527,ロート製薬,15.408643,1.88071,0.12199
4528,小野薬品工業,21.459782,1.3467585,0.075
4530,久光製薬,22.522823,1.4581195,0.06811
4531,有機合成薬品工業,11.66977,0.608181,0.05076
4534,持田製薬,18.974981,0.927326,0.04797
4536,参天製薬,19.11955,2.0114262,0.10786
4538,扶桑薬品工業,,0.5683551,
4539,日本ケミファ,12.270115,0.32060957,0.028889999
4540,ツムラ,10.330589,0.9162687,0.09264
4543,テルモ,24.570719,2.1074846,0.08743
4544,Ｈ．Ｕ．グループホールディングス,47.167267,1.293249,0.0398
4547,キッセイ薬品工業,14.144189,0.9271556,0.06656
4548,生化学工業,,0.5519139,-0.0102699995
4549,栄研化学,27.24784,2.4004114,0.08604
4552,ＪＣＲファーマ,,1.6222011,-0.04856
4553,東和薬品,10.3413725,1.12502,0.11956
4554,富士製薬工業,19.959366,1.2534724,0.04875
4556,カイノス,16.000282,3.7713246,0.03111
4558,中京医薬品,28.248589,0.8535919,0.01344
4559,ゼリア新薬工業,18.181105,1.0628003,0.07992
4563,アンジェス,,7.211539,-1.9587101
4564,オンコセラピー・サイエンス,,4.7568707,-0.59407
4565,ネクセラファーマ,,1.5028803,-0.19349001
4568,第一三共,19.645721,3.1804159,0.18267
4569,杏林製薬,10.111529,0.6788378,0.08006
4570,免疫生物研究所,44.04901,7.9814367,0.23038
4571,ＮＡＮＯホールディングス,,4.0683484,-0.31370002
4572,カルナバイオサイエンス,,25.9135,-1.56075
4574,大幸薬品,16.258837,0.5685545,0.20142001
4575,キャンバス,,6.169666,-0.46145
4576,デ・ウエスタン・セラピテクス研究所,,3.5562954,-0.58329
4577,ダイト,18.216063,0.7677556,0.05664
4578,大塚ホールディングス,15.361051,1.8333035,0.12461001
4579,ラクオリア創薬,75.21968,3.036473,0.0438
4582,シンバイオ製薬,,4.542687,-1.7478501
4583,カイオム・バイオサイエンス,,6.282787,-0.31639
4584,キッズウェル・バイオ,36.764706,6.4386525,
4586,メドレックス,,2.494055,-0.4446
4587,ペプチドリーム,,8.919951,0.0779
4588,オンコリスバイオファーマ,,41.74695,-1.1009201
4591,リボミック,,1.4490556,-0.32939
4592,サンバイオ,,11.993117,-0.50003
4593,ヘリオス,,8.75636,-0.63841
4594,ブライトパス・バイオ,,6.6077056,
4595,ミズホメディー,10.121727,1.8565397,0.19007999
4596,窪田製薬ホールディングス,,6.170876,-0.42196998
4597,ソレイジア・ファーマ,,5.7108507,-0.60248
4598,Ｄｅｌｔａ－Ｆｌｙ　Ｐｈａｒｍａ,,11.845314,-3.70982
4599,ステムリム,,2.9657462,-0.24562
4611,大日本塗料,4.4464803,0.5543084,0.11494
4612,日本ペイントホールディングス,18.620754,1.2875658,0.10554
4613,関西ペイント,13.477141,1.4821439,0.10882
4615,神東塗料,,0.32060423,-0.015420001
4616,川上塗料,25.5088,0.53031105,0.030369999
4617,中国塗料,14.044944,1.7960849,0.15194
4619,日本特殊塗料,8.643015,0.79025364,0.1003
4620,藤倉化成,55.56052,0.81168723,0.022820001
4623,アサヒペン,10.627007,0.44365436,0.04309
4624,イサム塗料,11.547415,0.40202972,0.03767
4625,アトミクス,11.76384,0.4030027,0.032449998
4626,太陽ホールディングス,42.19521,4.988544,0.1421
4627,ナトコ,11.350957,0.52498776,0.04575
4628,エスケー化研,13.315532,0.8915195,0.062129997
4629,大伸化学,12.468828,0.57665795,0.05388
4631,ＤＩＣ,10.964796,0.7534109,0.07288
4633,サカタインクス,10.070597,0.97632617,0.10709
4634,ａｒｔｉｅｎｃｅ,18.903772,5.1831555,0.074099995
4635,東京インキ,10.559249,0.55163777,0.07272
4641,アルプス技研,12.787484,2.4947212,0.20403999
4642,オリジナル設計,16.612059,1.1479462,
4644,イマジニア,28.251368,0.83606774,0.03778
4645,市進ホールディングス,5.540453,1.3970447,0.26978
4650,ＳＤエンターテイメント,48.035717,1.4997687,0.06834
4651,サニックスホールディングス,18.834797,1.142918,0.036960002
4657,環境管理センター,51.839462,0.9835213,-0.10889
4658,日本空調サービス,15.748111,1.904164,0.12528
4659,エイジス,17.241379,1.4432986,0.10273
4661,オリエンタルランド,34.127705,4.0167623,
4662,フォーカスシステムズ,15.432813,1.5551963,
4664,アール・エス・シー,34.25182,1.1758956,0.041339997
4665,ダスキン,20.366358,1.2604749,0.05899
4666,パーク２４,23.094957,4.733108,0.21389
4667,アイサンテクノロジー,22.675388,1.4929355,0.06996
4668,明光ネットワークジャパン,10.560312,1.3927163,0.13541001
4671,ファルコホールディングス,13.985713,1.0311455,0.07705
4673,川崎地質,8.1833515,0.9033798,0.20327999
4674,クレスコ,13.03802,1.8209553,0.16218
4676,フジ・メディア・ホールディングス,,0.9689572,-0.02257
4678,秀英予備校,11.612452,0.50194126,0.05246
4679,田谷,,0.310206,0.00265
4680,ラウンドワン,16.261284,3.2408412,0.19933
4681,リゾートトラスト,18.050434,2.5544927,0.10504
4684,オービック,26.524832,3.8055089,0.15997
4685,菱友システムズ,10.482108,1.8915366,0.19442
4686,ジャストシステム,16.750034,2.0259342,0.13468
4687,ＴＤＣソフト,12.25435,2.0171967,0.17587
4689,ＬＩＮＥヤフー,14.7704525,0.98875374,0.08517
4690,日本パレットプール,14.367783,0.5960099,0.03911
4691,ワシントンホテル,7.4849453,3.3802404,-0.71427
4694,ビー・エム・エル,21.276596,1.1537086,0.0596
4704,トレンドマイクロ,22.935848,5.98053,0.27218
4705,クリップコーポレーション,,0.6200372,-0.02851
4707,キタック,8.802153,0.515002,0.054640003
4709,ＩＤホールディングス,12.063411,2.1818233,0.18709
4712,ＫｅｙＨｏｌｄｅｒ,17.98419,11.308562,-0.09193
4714,リソー教育グループ,21.180191,2.7907364,0.13279
4716,日本オラクル,20.408077,6.6516085,0.37396
4718,早稲田アカデミー,14.924931,2.3695848,0.16572
4719,アルファシステムズ,14.124062,1.088896,0.08067001
4720,城南進学研究社,,1.3100934,-0.0716
4722,フューチャー,12.803633,2.390918,0.1981
4725,ＣＡＣ　Ｈｏｌｄｉｎｇｓ,9.661912,0.89790535,0.09624
4728,トーセ,12.135645,0.7612897,0.06442
4732,ユー・エス・エス,20.662348,4.0683827,0.20363002
4733,オービックビジネスコンサルタント,29.850346,3.0172925,0.10596
4735,京進,29.320723,0.6709772,-0.00714
4736,日本ラッド,8.176376,0.8539332,0.09718
4743,アイティフォー,16.18187,2.3140297,0.15331
4746,東計電算,15.2207775,1.5990603,0.11833
4750,ダイサン,10.266904,0.65172994,0.05784
4751,サイバーエージェント,23.095844,3.702304,0.20145
4752,昭和システムエンジニアリング,8.920611,1.1707226,0.14076
4754,トスネット,9.551045,0.86508226,0.06293
4755,楽天グループ,,1.8249204,-0.09503999
4760,アルファ,9.2766485,0.88612914,0.10018
4761,さくらケーシーエス,14.792108,0.72817624,0.048800003
4762,エックスネット,12.689886,2.0620046,0.17469999
4763,クリーク・アンド・リバー社,7.1176043,1.5161617,0.23499
4765,ＳＢＩグローバルアセットマネジメント,30.587645,2.745853,0.08831
4766,ピーエイ,25.112108,4.623132,0.1927
4767,テー・オー・ダブリュー,12.640163,1.446469,0.118310004
4768,大塚商会,18.018444,2.931113,0.16829
4769,ＩＣ,15.975517,1.2052143,0.06445
4771,エフアンドエム,15.432586,2.2167654,0.17351
4772,ＳＭ　ＥＮＴＥＲＴＡＩＮＭＥＮＴ　ＪＡＰＡＮ,28.08642,1.4122101,0.0479
4776,サイボウズ,14.903344,5.925595,0.47748002
4777,ガーラ,,12.784181,-0.58277
4783,ＮＣＤ,13.262521,2.7009897,0.21575001
4784,ＧＭＯインターネット,37.320812,14.905925,0.57405
4792,山田コンサルティンググループ,13.193056,1.7077289,0.11981
4800,オリコン,10.718492,1.7632622,0.17413999
4801,セントラルスポーツ,25.838564,1.0161102,0.04377
4809,パラカ,10.395082,1.0247334,0.1021
4811,ドリーム・アーツ,12.657824,3.1555169,0.28987
4812,電通総研,26.177698,4.2773848,0.17105
4813,ＡＣＣＥＳＳ,,2.9934661,-0.40368
4814,ネクストウェア,,2.1473994,-0.105220005
4816,東映アニメーション,24.15382,3.6068926,0.16006
4819,デジタルガレージ,35.08798,1.3982527,0.01901
4820,イーエムシステムズ,19.342962,3.1214437,0.07309
4825,ウェザーニューズ,26.24601,4.1640215,0.17187001
4826,ＣＩＪ,16.445288,1.9433949,0.12077
4828,ビジネスエンジニアリング,23.925167,5.314728,0.33067
4829,日本エンタープライズ,135.29411,0.9454904,0.00904
4832,ＪＦＥシステムズ,11.494054,1.8082952,0.14954
4833,Ｄｅｆ　ｃｏｎｓｕｌｔｉｎｇ,,1.4773328,-0.59914
4838,スペースシャワーＳＫＩＹＡＫＩホールディングス,16.180258,1.4169816,0.13176
4839,ＷＯＷＯＷ,15.8736105,0.50490004,0.04532
4840,トライアイズ,,1.7825184,-0.088240005
4845,スカラ,9.46162,1.315497,0.16586
4847,インテリジェント　ウェイブ,19.23002,2.6693945,0.14299
4848,フルキャストホールディングス,12.453163,1.9182607,0.15867
4849,エン,11.211073,1.3489033,0.108380005
4880,セルソース,710.90906,1.3027123,
4881,ファンペップ,,2.190368,-0.95312
4882,ペルセウスプロテオミクス,,3.8681493,-0.59966
4883,モダリス,,1.6763418,-0.67907995
4884,クリングルファーマ,,2.849337,-0.58035
4885,室町ケミカル,11.098717,,
4886,あすか製薬ホールディングス,17.181639,1.1922604,0.07191
4887,サワイグループホールディングス,22.831144,1.4261309,-0.00671
4888,ステラファーマ,,9.000935,-0.09843001
4889,レナサイエンス,525.8182,7.638588,-0.12404
4890,坪田ラボ,,7.4423165,-0.31094998
4891,ティムス,,2.2466576,
4892,サイフューズ,,2.197994,-0.28803
4893,ノイルイミューン・バイオテック,,1.65231,-0.18325001
4894,クオリプス,,11.601405,-0.14713
4896,ケイファーマ,,6.95432,-0.56372
4901,富士フイルムホールディングス,14.084257,1.0257164,0.07675
4902,コニカミノルタ,,0.56486857,-0.07164
4911,資生堂,,2.0663285,-0.062329996
4912,ライオン,16.313623,1.393006,0.0935
4914,高砂香料工業,8.532544,0.8090734,0.06982
4917,マンダム,72.46887,1.9671633,0.02977
4918,アイビー化粧品,4.6488905,0.7781374,-0.04227
4919,ミルボン,25.708103,1.7698736,0.07023
4920,日本色材工業研究所,7.235908,0.56177,0.08327
4922,コーセーホールディングス,21.692202,1.1543717,0.054050002
4923,コタ,25.771366,2.8372226,0.122379996
4925,ハーバー研究所,8.382217,0.7189551,0.07631
4926,シーボン,17.093199,0.94125986,0.04226
4927,ポーラ・オルビスホールディングス,30.577644,1.7741467,0.05775
4928,ノエビアホールディングス,19.047619,3.2236407,0.17894
4929,アジュバンホールディングス,43.48069,1.4734299,0.03382
4931,新日本製薬,17.152588,1.9335732,0.11866
4932,アルマード,24.511082,4.9352255,0.31445998
4933,Ｉ－ｎｅ,7.9683447,1.1610812,0.15461999
4934,プレミアアンチエイジング,18.483128,0.7660967,1.30256
4935,リベルタ,213.1579,6.134621,0.0291
4936,アクシージア,,1.0841904,0.03718
4937,Ｗａｑｏｏ,107.5102,2.247122,0.02931
4951,エステー,14.450586,0.9243853,0.06059
4956,コニシ,11.248973,1.0047396,0.09491
4957,ヤスハラケミカル,6.2895524e-06,0.9039979,0.04817
4958,長谷川香料,16.978222,0.91075957,0.052589998
4960,ケミプロ化成,124.99999,3.3220918,0.12567
4966,上村工業,26.246838,3.3147526,0.13623999
4967,小林製薬,120.4758,2.0874944,0.017239999
4968,荒川化学工業,14.705546,0.43059978,0.0044
4970,東洋合成工業,40.649883,17.062883,-0.10824
4971,メック,30.211704,10.803153,0.12784
4972,綜研化学,15.105603,1.3975054,0.09838
4973,日本高純度化学,20.366858,1.677684,0.10918
4974,タカラバイオ,,1.360909,-0.06803
4975,ＪＣＵ,18.382462,3.0130196,0.17875999
4976,東洋ドライルーブ,8.680337,0.5233432,0.061869998
4977,新田ゼラチン,5.007581,0.97321147,0.21492
4978,リプロセル,,1.9394045,-0.03665
4979,ＯＡＴアグリオ,11.098567,1.3706512,0.13266
4980,デクセリアルズ,16.978302,3.998219,0.2581
4985,アース製薬,19.762598,1.3837317,0.07171
4990,昭和化学工業,9.921378,0.6318347,0.077410005
4992,北興化学工業,10.460054,0.8181868,0.09056
4994,大成ラミックグループ,11.223518,0.5996742,0.056939997
4996,クミアイ化学工業,21.188772,0.62803257,0.02638
4997,日本農薬,15.600552,1.4191008,0.0328
4998,フマキラー,9.066023,0.7344131,0.07649
5010,日本精蝋,8.82458,0.7649474,0.11568
5011,ニチレキグループ,12.406744,0.7757766,0.059699997
5013,ユシロ,9.27649,0.93045723,0.1148
5015,ビーピー・カストロール,22.027973,3.2593195,0.25218
5016,ＪＸ金属,44.64188,6.8354006,
5018,ＭＯＲＥＳＣＯ,10.548803,0.6852172,0.06687
5019,出光興産,43.29162,1.0352521,
5020,ＥＮＥＯＳホールディングス,78.751434,1.1603738,0.020539999
5021,コスモエネルギーホールディングス,12.033711,1.2107588,0.06826
5025,マーキュリー,11.22416,1.6243479,0.16208
5026,トリプルアイズ,,3.8317468,-0.20206
5027,ＡｎｙＭｉｎｄ　Ｇｒｏｕｐ,27.542088,1.4474597,0.05929
5028,セカンドサイトアナリティカ,30.200804,3.131924,0.13611001
5029,サークレイス,14.388489,2.6426725,0.12918
5031,モイ,,1.9890707,0.052550003
5032,ＡＮＹＣＯＬＯＲ,13.8123865,6.9454284,0.67152
5033,ヌーラボ,11.012769,2.3645744,0.19245
5034,ｕｎｅｒｒｙ,31.248407,4.4283977,0.15904
5035,ＨＯＵＳＥＩ,,0.9119735,-0.06553
5036,日本ビジネスシステムズ,12.484109,2.4522452,0.24629
5038,ｅＷｅＬＬ,29.762407,9.566719,0.37620997
5071,ヴィス,11.148372,1.7072598,0.17015
5074,テスホールディングス,50.26697,0.98318005,0.02301
5076,インフロニア・ホールディングス,12.563059,0.9069429,0.113809995
5078,セレコーポレーション,14.409307,0.7830196,0.05523
5079,ノバック,16.313316,0.8059469,0.03134
5101,横浜ゴム,9.737133,0.9962271,0.10985
5103,昭和ホールディングス,,2.4794319,-0.21805
5105,ＴＯＹＯ　ＴＩＲＥ,9.624646,1.171781,0.12784
5108,ブリヂストン,28.32885,1.1748341,0.08636
5110,住友ゴム工業,11.062108,0.77795947,0.074650005
5121,藤倉コンポジット,12.121212,1.328898,0.10475001
5122,オカモト,18.181818,0.9787978,0.05352
5125,ファインズ,11.682561,1.2921308,0.1242
5126,ポーターズ,21.186329,1.9158857,0.06143
5129,ＦＩＸＥＲ,,2.5564299,-0.43793
5131,リンカーズ,,2.616101,
5132,ｐｌｕｓｚｅｒｏ,54.347824,11.835978,0.26029
5133,テリロジーホールディングス,16.105417,1.7390846,0.15937
5134,ＰＯＰＥＲ,16.529896,2.4527924,0.13871
5136,ｔｒｉｐｌａ,18.831484,4.966935,0.34175998
5137,スマートドライブ,26.113012,9.381439,0.4953
5138,Ｒｅｂａｓｅ,10.82306,2.3014827,0.14996
5139,オープンワーク,23.254066,2.8021598,0.12560001
5142,アキレス,88.50914,0.51247424,-0.01338
5161,西川ゴム工業,20.747406,1.4404213,0.09423
5162,朝日ラバー,,0.70454675,-0.0055199997
5184,ニチリン,9.852217,0.9006466,0.10398
5185,フコク,12.562953,0.6567165,0.06606
5186,ニッタ,10.649552,0.78198224,0.07778
5187,クリエートメディック,14.880436,0.61665004,0.04445
5189,櫻護謨,10.649758,0.71584445,0.08127
5192,三ツ星ベルト,16.447098,1.1114645,0.064380005
5194,相模ゴム工業,,0.72320324,0.00035999998
5195,バンドー化学,28.984333,0.9865959,0.05009
5199,不二ラテックス,9.149014,0.6248601,0.07495
5201,ＡＧＣ,17.543806,0.817497,0.0467
5202,日本板硝子,,0.3858982,-0.05298
5204,石塚硝子,4.759662,0.38145176,0.089420006
5208,有沢製作所,24.390957,1.7181765,
5210,日本山村硝子,8.445926,0.50176525,0.06137
5214,日本電気硝子,19.607792,1.1457561,0.06111
5216,倉元製作所,,10.709854,-1.37623
5218,オハラ,17.513727,0.5731129,0.03621
5232,住友大阪セメント,9.784627,0.67463255,0.04538
5233,太平洋セメント,7.9617214,0.6414946,0.03717
5237,ノザワ,13.679352,0.6560259,0.041339997
5240,ｍｏｎｏＡＩ　ｔｅｃｈｎｏｌｏｇｙ,,2.0441291,-0.24138
5242,アイズ,,1.7752298,-0.10759
5243,ｎｏｔｅ,97.096054,9.199457,0.19439
5244,ｊｉｇ．ｊｐ,8.051586,1.9837521,0.28293
5246,ＥＬＥＭＥＮＴＳ,,5.3888936,-0.22384001
5247,ＢＴＭ,39.370514,2.8691576,0.098179996
5248,テクノロジーズ,17.88711,5.1803746,0.22719
5250,プライム・ストラテジー,37.87777,2.8873918,0.07803
5252,日本ナレッジ,36.108513,6.868266,0.036229998
5253,カバー,18.050762,4.607512,0.31845
5254,Ａｒｅｎｔ,22.321428,4.488722,0.2417
5255,モンスターラボ,,9.698873,
5256,Ｆｕｓｉｃ,17.920595,2.5428424,0.15479
5257,ノバシステム,15.431875,1.4045668,0.09783
5258,トランザクション・メディア・ネットワークス,,1.4885898,-0.06132
5259,ＢＢＤイニシアティブ,,5.12757,0.11148
5261,リソルホールディングス,18.2814,2.219377,0.13286
5262,日本ヒューム,18.797976,1.1676661,0.06122
5268,旭コンクリート工業,56.49231,0.9008036,0.01881
5269,日本コンクリート工業,,0.4204724,-0.00039
5271,トーヨーアサノ,,0.7815216,-0.05471
5273,三谷セキサン,10.362816,1.263359,0.13783
5279,日本興業,6.9110346,0.44904873,0.06813
5280,ヨシコン,4.3421593,0.62647605,0.091520004
5282,ジオスター,15.012541,0.5358666,0.04361
5283,高見澤,8.904707,0.36222455,0.041149996
5284,ヤマウホールディングス,5.608564,1.0220078,0.18902001
5285,ヤマックス,7.057057,1.54664,0.22742
5287,イトーヨーギョー,14.164444,1.1343154,-0.04126
5288,アジアパイルホールディングス,10.53704,1.099248,0.1162
5290,ベルテクスコーポレーション,20.660807,2.2342749,0.27848
5301,東海カーボン,11.013076,0.69479465,0.06865
5302,日本カーボン,10.977061,0.9747169,0.08659001
5304,ＳＥＣカーボン,12.361257,0.6012857,0.04551
5310,東洋炭素,22.988064,1.2885792,0.057010002
5331,ノリタケ,14.9924,1.1212242,0.07974
5332,ＴＯＴＯ,227.24281,1.8047467,0.00458
5333,日本碍子,24.814157,1.6450864,0.0734
5334,日本特殊陶業,17.361197,2.2416563,0.14795999
5337,ダントーホールディングス,30.11683,2.6672184,0.05746
5341,ＡＳＡＨＩ　ＥＩＴＯホールディングス,,1.871042,-0.2936
5344,ＭＡＲＵＷＡ,48.780487,6.08895,
5351,品川リフラ,10.019802,0.7739157,0.28977
5352,黒崎播磨,7.363822,1.3187689,0.16931
5355,日本坩堝,11.442089,0.71560234,0.07695
5356,美濃窯業,9.51497,0.79141116,0.091639996
5357,ヨータイ,14.492513,0.9569935,0.07201
5363,東京窯業,8.381804,0.5523271,0.07737
5367,ニッカトー,17.183517,0.7370271,0.03846
5368,日本インシュレーション,11.074197,0.7201459,0.083170004
5380,新東,117.62846,0.31814805,0.03866
5381,マイポックス,22.574295,1.8080047,0.06283
5384,フジミインコーポレーテッド,22.272242,2.667383,0.12644
5386,鶴弥,17.66935,0.22887044,0.01289
5388,クニミネ工業,13.850326,0.71759754,0.0555
5391,エーアンドエーマテリアル,104.135895,0.5606814,0.00565
5393,ニチアス,19.304625,2.5544703,0.139
5401,日本製鉄,,0.58431864,-0.00414
5406,神戸製鋼所,6.0205097,0.6282545,0.07171
5408,中山製鋼所,8.090991,0.31631386,0.02656
5410,合同製鐵,4.6685405,0.37079173,0.07298
5411,ＪＦＥホールディングス,15.747377,0.44869944,0.021860002
5423,東京製鐵,11.65535,0.8288057,0.06431
5440,共英製鋼,8.912782,0.48463035,0.050780002
5444,大和工業,32.362415,1.3501326,0.08464
5445,東京鐵鋼,4.854369,0.79357016,0.15648
5446,北越メタル,12.5,0.2703037,0.0020299999
5449,大阪製鐵,1666.2068,0.5540311,-0.00083
5451,ヨドコウ,14.534149,1.0086721,0.05805
5458,高砂鐵工,13.28105,0.6462199,0.05821
5461,中部鋼鈑,,0.86422354,-0.0014599999
5463,丸一鋼管,11.41524,0.962873,0.09511
5464,モリ工業,10.162901,0.6440771,0.060370002
5471,大同特殊鋼,13.351046,0.8400301,0.06082
5480,日本冶金工業,6.9734483,0.6544412,0.08234999
5482,愛知製鋼,17.24095,0.7878233,
5484,東北特殊鋼,17.12329,0.57403505,0.04086
5491,日本金属,5.1573977,0.22201103,0.05136
5527,ｐｒｏｐｅｒｔｙ　ｔｅｃｈｎｏｌｏｇｉｅｓ,8.019677,1.0560044,0.13243
5532,リアルゲイト,40.649986,5.6996026,0.29783002
5533,エリッツホールディングス,9.746442,1.3205788,0.14089
5535,ミガロホールディングス,28.418451,1.4856025,0.10109
5537,ＡｌｂａＬｉｎｋ,21.881876,10.047367,0.671
5541,大平洋金属,,0.74313664,0.012309999
5542,新報国マテリアル,13.661293,2.016495,0.27445
5563,新日本電工,41.138058,0.77483284,0.0196
5570,ジェノバ,18.083961,2.614501,0.15685001
5571,エキサイトホールディングス,,1.5703069,0.01189
5572,Ｒｉｄｇｅ－ｉ,64.93318,2.8644407,
5574,ＡＢＥＪＡ,54.640167,5.74988,0.11931
5575,Ｇｌｏｂｅｅ,13.812677,3.5455997,0.2832
5576,オービーシステム,13.262819,1.1349947,
5578,ＡＲアドバンストテクノロジ,15.2915125,4.2591853,0.32412
5580,プロディライト,35.97212,2.5980659,
5582,グリッド,29.325167,2.8692784,0.114300005
5586,Ｌａｂｏｒｏ．ＡＩ,94.345894,5.1334643,
5587,インバウンドプラットフォーム,12.657343,1.66277,0.15379
5588,ファーストアカウンティング,52.085747,5.870177,0.13015
5589,オートサーバー,13.531889,1.472772,0.11979
5590,ネットスターズ,29.848171,1.9070969,0.06582
5591,ＡＶＩＬＥＮ,35.84359,8.328496,0.2723
5592,くすりの窓口,9.910865,3.074423,0.29607
5596,アウトルックコンサルティング,14.577402,4.9639063,0.32053003
5597,ブルーイノベーション,,33.265137,-1.5173199
5599,Ｓ＆Ｊ,22.222221,3.6008143,0.19872
5602,栗本鐵工所,12.804579,1.0589839,0.083680004
5603,虹技,5.2714024,0.32052046,0.03432
5609,日本鋳造,8.291998,0.36362845,0.02227
5612,日本鋳鉄管,,0.5712634,0.00042
5616,雨風太陽,,5.7039824,-0.01159
5618,ナイル,,6.1858053,-0.29429
5619,マーソ,,1.5301199,-0.01158
5621,ヒューマンテクノロジーズ,19.342735,2.8478467,0.16368
5631,日本製鋼所,30.211388,3.2775478,0.105450004
5632,三菱製鋼,9.182542,0.64710575,0.05906
5644,メタルアート,8.143323,0.5962877,0.09182
5658,日亜鋼業,30.87028,0.32123876,0.01638
5659,日本精線,17.421225,1.0548785,0.05684
5660,神鋼鋼線工業,9.182914,0.35679564,0.04046
5695,パウダーテック,22.471437,0.6216542,0.02377
5697,サンユウ,7.293687,0.4010269,0.05921
5698,エンビプロ・ホールディングス,15.5766945,1.4844505,0.10137
5699,イボキン,9.41603,1.100129,0.12605
5702,大紀アルミニウム工業所,587.2587,0.84023637,
5703,日本軽金属ホールディングス,14.104626,0.75864756,0.06436
5704,ＪＭＣ,,1.3353295,-0.55541
5706,三井金属,44.642857,5.7498536,0.18378
5707,東邦亜鉛,,7.087779,0.46137002
5711,三菱マテリアル,48.542328,1.0074884,0.03817
5713,住友金属鉱山,113.63637,1.4445828,0.05041
5714,ＤＯＷＡホールディングス,29.325874,1.466748,0.05696
5715,古河機械金属,10.834288,1.0949664,0.109239995
5721,エス・サイエンス,,4.6899915,0.01839
5724,アサカ理研,54.051796,3.1961067,0.08474
5726,大阪チタニウムテクノロジーズ,15.773233,2.1255276,0.11534
5727,東邦チタニウム,74.06607,4.14491,0.03884
5729,日本精鉱,4.7124996,1.5641083,0.42617
5741,ＵＡＣＪ,28.736319,1.5900624,0.09786
5742,エヌアイシ・オートテック,21.930325,1.0163933,-0.059359998
5753,日本伸銅,7.837093,1.2950405,-0.06956
5757,ＣＫサンエツ,8.488964,0.6967796,0.0345
5801,古河電気工業,90.08937,8.3742895,0.14886
5802,住友電気工業,35.97159,3.1280267,0.110249996
5803,フジクラ,73.53242,18.815063,0.31145
5805,ＳＷＣＣ,27.85499,4.585662,0.19093001
5816,オーナンバ,15.974569,0.8715735,0.05481
5817,ＪＭＡＣＳ,20.834503,1.5619948,0.01284
5819,カナレ電気,10.752687,0.6787942,0.064840004
5820,三ッ星,15.923567,0.4274882,0.03452
5821,平河ヒューテック,21.834517,1.4310516,0.080860004
5830,いよぎんホールディングス,14.084569,1.0602719,0.08351
5831,しずおかフィナンシャルグループ,17.667824,1.2055271,0.07481
5832,ちゅうぎんフィナンシャルグループ,17.825829,0.8759777,0.06578
5834,ＳＢＩリーシングサービス,7.9176545,1.6644247,0.25305
5838,楽天銀行,18.28176,3.2293105,0.19795999
5842,インテグラル,20.746407,1.9521388,0.101169996
5843,ニッポンインシュア,12.658228,2.5511205,0.24744
5844,京都フィナンシャルグループ,30.119986,1.0557016,0.03783
5845,全保連,14.104573,3.3945494,0.21017
5851,リョービ,7.429429,0.45622388,0.06385
5852,アーレスティ,11.64183,0.4114998,0.044310004
5856,エルアイイーエイチ,,1.4024016,-0.76822
5857,ＡＲＥホールディングス,17.331022,1.8099099,0.15116
5858,ＳＴＧ,10.340964,1.0279902,0.10423
5867,エスネットワークス,15.97493,2.0554378,0.13262999
5868,ロココ,12.886721,1.364126,0.11107001
5869,早稲田学習研究会,13.054187,1.8183241,0.14295
5870,ナルネットコミュニケーションズ,14.06399,2.1985505,
5871,ＳＯＬＩＺＥ　Ｈｏｌｄｉｎｇｓ,,0.66137755,-0.00316
5884,クラダシ,125.0,3.89755,
5885,ジーデップ・アドバンス,25.381018,4.800527,0.21511999
5888,ＤＡＩＷＡ　ＣＹＣＬＥ,10.10086,1.4838748,0.16012
5889,Ｊａｐａｎ　Ｅｙｅｗｅａｒ　Ｈｏｌｄｉｎｇｓ,13.850237,2.8397028,0.21862
5891,魁力屋,28.653957,1.6304009,0.058790002
5892,ｙｕｔｏｒｉ,27.249136,7.8515296,
5900,ダイケン,15.10658,0.32653525,0.02201
5901,東洋製罐グループホールディングス,11.792636,0.75751436,0.06928
5902,ホッカンホールディングス,7.9934916,0.47045785,0.05069
5903,シンポ,14.492063,0.9580759,0.067
5905,日本製罐,,0.43816102,0.08821
5906,エムケー精工,7.9430466,0.6583953,0.114630006
5909,コロナ,40.49105,0.36705527,0.009509999
5911,横河ブリッジホールディングス,9.680593,0.88072896,0.093760006
5915,駒井ハルテック,7.4625993,0.3503186,0.01597
5918,瀧上工業,25.974024,0.3094614,0.01962
5921,川岸工業,8.149983,0.405085,0.03625
5922,那須電機鉄工,11.223344,0.7026635,0.07556
5923,高田機工,,0.47089377,0.07964
5928,アルメタックス,35.858585,0.42688406,0.04772
5929,三和ホールディングス,12.870013,2.4164479,0.19187
5930,文化シヤッター,9.652309,1.1761909,0.12384
5932,三協立山,,0.2276169,-0.03807
5933,アルインコ,11.363148,0.650554,0.05683
5936,東洋シヤッター,7.787925,0.59638906,0.07997
5938,ＬＩＸＩＬ,49.50965,0.6953184,0.01543
5939,大谷工業,14.749181,0.96335655,0.06471
5940,不二サッシ,3.9323545,0.4517396,0.13073
5941,中西製作所,9.082724,2.241206,0.05785
5942,日本フイルコン,,0.5221963,-0.02231
5943,ノーリツ,32.469658,0.7782269,0.02562
5945,天龍製鋸,13.755459,0.6045394,0.04343
5946,長府製作所,31.151382,0.49226436,0.01593
5947,リンナイ,14.903198,1.1948419,0.09237
5949,ユニプレス,,0.453012,-0.11286
5950,日本パワーファスニング,,1.086329,-0.01429
5951,ダイニチ工業,11.947647,0.53703517,0.05722
5952,アマテイ,13.872832,1.4635261,0.094510004
5955,ワイズホールディングス,48.97119,1.3407545,0.029679999
5956,トーソー,7.479776,0.34958303,0.047909997
5957,日東精工,12.986357,0.77087355,0.06001
5958,三洋工業,9.77511,0.6494586,0.07421
5959,岡部,13.754698,0.72831494,0.0541
5962,浅香工業,15.772498,0.4275878,0.047659997
5965,フジマック,7.2674417,0.9212318,0.01836
5966,京都機械工具,13.105876,0.47264525,0.04363
5967,ＴＯＮＥ,14.970614,0.8530002,0.07786
5969,ロブテックス,75.1875,0.458653,-0.00204
5970,ジーテクト,6.6181407,0.37465763,0.04644
5971,共和工業所,12.345679,0.6054899,0.0519
5973,トーアミ,28.81585,0.33385742,0.012259999
5974,中国工業,6.4391937,0.48570338,0.06963
5975,東プレ,6.644482,0.5171341,0.07433
5976,高周波熱錬,27.397545,0.75707453,0.03625
5981,東京製綱,7.6569743,0.71280307,0.11254
5982,マルゼン,12.091752,1.2103176,0.10351
5983,イワブチ,14.792899,0.64234865,0.05248
5984,兼房,8.510163,0.35229564,0.02005
5985,サンコール,13.476979,1.5746659,0.13563
5986,モリテック　スチール,14.285714,0.33839312,0.039809998
5987,オーネックス,12.28468,0.5178133,0.0431
5988,パイオラックス,49.503162,0.6317107,0.0070499997
5989,エイチワン,4.1101093,0.49951088,0.11841
5990,スーパーツール,,0.45803818,0.01963
5991,日本発條,12.886731,1.1858304,
5992,中央発條,47.172256,1.0918375,0.11903
5994,ファインシンター,3.3288646,0.3573262,0.094849996
5997,協立エアテック,8.857054,0.41550422,0.048860002
5998,アドバネクス,10.798914,0.7617432,0.03482
6005,三浦工業,13.69863,1.6889828,0.13249
6013,タクマ,21.141474,1.8978426,0.10585
6016,ジャパンエンジンコーポレーション,23.529411,15.096675,0.076069996
6018,阪神内燃機工業,24.21319,1.0832555,0.055409998
6022,赤阪鐵工所,26.17714,0.56744635,0.04118
6023,ダイハツインフィニアース,11.454998,1.2349738,0.10213
6027,弁護士ドットコム,43.100285,9.019988,0.27734
6029,アトラグループ,6.9157395,1.0539323,0.21024999
6030,アドベンチャー,,1.3315591,-0.20596
6031,ＺＥＴＡ,25.446428,6.3293953,-0.12675
6033,エクストリーム,7.3690653,1.1868837,0.17176001
6034,ＭＲＴ,62.86579,2.3974726,0.01931
6035,アイ・アールジャパンホールディングス,16.836159,2.2385414,0.15542
6036,ＫｅｅＰｅｒ技研,9.017133,3.58561,0.47561002
6037,楽待,14.325719,3.618939,0.2543
6038,イード,10.070284,0.9255708,0.0991
6039,日本動物高度医療センター,29.411766,4.309885,0.17947
6040,日本スキー場開発,15.6762295,2.438001,0.17757
6042,ニッキ,16.778524,0.6702256,0.05554
6044,三機サービス,13.244722,2.0864408,0.19316
6045,レントラックス,19.762894,3.3779128,0.17286
6046,リンクバル,,3.857831,-0.17676
6047,Ｇｕｎｏｓｙ,54.347828,1.1426482,0.00561
6049,イトクロ,32.3741,0.69107974,0.84427
6050,イー・ガーディアン,20.284523,1.6304418,
6054,リブセンス,,0.79283804,-0.00095
6055,ジャパンマテリアル,20.704992,3.258452,0.18457001
6058,ベクトル,10.929464,2.5985255,0.26139
6059,ウチヤマホールディングス,3.2225852,0.47240236,0.15976
6061,ユニバーサル園芸社,13.106383,1.887457,0.1538
6062,チャーム・ケア・コーポレーション,13.106652,2.0282454,0.14607
6063,日本エマージェンシーアシスタンス,22.3707,1.2074746,0.054770004
6069,トレンダーズ,15.151515,1.2687565,0.07454
6070,キャリアリンク,12.180497,1.8169979,0.18441999
6071,ＩＢＪ,14.124294,2.8690636,0.21184999
6072,地盤ネットホールディングス,475.11313,16.623129,0.19389
6073,アサンテ,30.031757,1.5231181,0.095290005
6074,ジェイエスエス,11.560112,0.72155595,
6078,バリューＨＲ,62.123146,5.6660843,0.0926
6080,Ｍ＆Ａキャピタルパートナーズ,21.32264,2.460809,0.11132
6081,アライドアーキテクツ,,2.5135894,-0.32424
6082,ライドオンエクスプレスホールディングス,20.449856,1.1655204,0.05207
6083,ＥＲＩホールディングス,14.144175,4.140766,0.44101003
6085,アーキテクツ・スタジオ・ジャパン,,-8302.753,-22.15789
6086,シンメンテホールディングス,15.359976,4.102234,0.30264
6087,アビスト,20.8767,1.9290646,0.10232
6088,シグマクシス・ホールディングス,13.211186,3.8535972,0.30336002
6089,ウィルグループ,14.947072,1.3668834,0.10308
6090,ヒューマン・メタボローム・テクノロジーズ,19.646364,2.1788187,-0.02852
6091,ウエスコホールディングス,12.853898,0.6892599,0.055409998
6092,エンバイオ・ホールディングス,11.641833,0.7684657,-0.02325
6093,エスクロー・エージェント・ジャパン,41.705067,2.2541597,0.053600002
6094,フリークアウト・ホールディングス,44.043095,1.0135688,0.05408
6096,レアジョブ,24.5,1.3995268,0.036199998
6098,リクルートホールディングス,25.316284,6.78106,0.2732
6099,エラン,16.393442,3.1407957,0.20815
6101,ツガミ,15.898024,2.7984757,0.24914
6103,オークマ,24.69065,1.0850817,0.044
6104,芝浦機械,17.793667,0.8575763,0.01891
6113,アマダ,28.329836,1.4455467,
6118,アイダエンジニアリング,12.674724,0.7717871,0.06145
6125,岡本工作機械製作所,12.195122,0.66913015,0.0399
6134,ＦＵＪＩ,34.24749,2.1615405,
6135,牧野フライス製作所,17.69898,1.0819359,0.07453
6136,オーエスジー,19.492859,1.3401933,0.0929
6137,小池酸素工業,14.265312,0.86972123,0.064229995
6138,ダイジェット工業,8.772221,0.36664706,0.07388
6140,旭ダイヤモンド工業,23.41772,1.0519167,
6141,ＤＭＧ森精機,79.37,1.0978118,0.02116
6143,ソディック,17.330772,1.2319705,0.13653
6144,西部電機,13.072016,1.3290724,0.112799995
6145,ＮＩＴＴＯＫＵ,15.873121,1.0238008,0.07749
6146,ディスコ,62.89308,14.577516,
6147,ヤマザキ,,1.1309108,-0.18687001
6149,小田原エンジニアリング,4.8971934,0.6126736,0.13239999
6150,タケダ機械,11.834107,0.5712257,0.043130003
6151,日東工器,61.73786,0.52844495,0.03507
6155,高松機械工業,,0.33032423,-0.00936
6156,エーワン精密,,1.3879392,-0.023359999
6157,日進工具,16.724033,1.1123875,0.070310004
6158,和井田製作所,21.553938,0.63117504,0.00985
6159,ミクロン精密,15.600623,0.7241885,0.046919998
6161,エスティック,8.912703,0.9598199,0.10271
6165,パンチ工業,10.649581,0.6172642,0.04204
6166,中村超硬,47.630623,8.605927,0.17679001
6167,冨士ダイス,55.865025,1.0265707,0.02084
6171,土木管理総合試験所,11.889347,1.1103721,0.09596
6173,アクアライン,,9.488999,
6176,ブランジスタ,18.348072,1.9262904,0.12773
6177,ＡｐｐＢａｎｋ,,3.0203261,
6178,日本郵政,15.17423,0.55387825,0.04378
6180,ＧＭＯメディア,12.626406,2.564513,-0.04723
6181,タメニー,,17.857143,-1.22481
6182,メタリアル,105.20362,2.5225263,0.02365
6183,ベルシステム２４ホールディングス,13.333334,1.5052813,0.11481
6184,鎌倉新書,21.054945,3.1438906,0.16489
6185,ＳＭＮ,12.592822,1.4296905,0.11998
6186,一蔵,,0.5295703,-0.03684
6189,グローバルキッズＣＯＭＰＡＮＹ,137.02737,1.2917594,0.02331
6190,フェニックスバイオ,,1.1920615,-0.12869
6191,エアトリ,8.993306,0.99836785,0.15899
6193,バーチャレクス・ホールディングス,13.298653,1.498581,0.10865
6194,アトラエ,13.495441,3.0172198,0.11271
6195,ホープ,10.091325,3.2258062,
6196,ストライク,17.794334,4.433814,0.28576002
6197,ソラスト,23.474968,4.2957773,
6198,キャリア,,1.0690604,0.12938
6199,セラク,12.820285,2.0302808,0.15803
6200,インソース,14.163788,5.160364,0.40511
6201,豊田自動織機,29.939943,1.0075754,
6203,豊和工業,53.18733,0.8061332,0.02298
6208,石川製作所,37.31343,2.138221,0.08612
6209,リケンＮＰＲ,9.208145,0.71155846,0.082159996
6210,ＴＯＹＯイノベックス,,0.8341866,-0.026129998
6217,津田駒工業,,2.2482343,-0.05585
6218,エンシュウ,,0.34924302,-0.12376001
6222,島精機製作所,,0.3992612,-0.03167
6223,西部技研,12.210112,1.3032969,0.112220004
6224,ＪＲＣ,11.507975,2.6611369,0.27232
6226,守谷輸送機工業,20.160868,2.506246,0.31624
6227,ＡＩメカテック,51.02105,12.139515,0.26426
6228,ジェイ・イー・ティ,,0.8684888,-0.23634
6229,オーケーエム,13.297942,0.84657574,0.07171
6230,ＳＡＮＥＩ,8.070962,0.6667656,0.08351
6231,木村工機,14.326579,3.1067524,0.25661
6232,ＡＣＳＬ,,17.520409,-1.3993801
6233,ＫＬＡＳＳ,12.4533,0.6875498,0.07316
6235,オプトラン,48.782154,2.4766405,0.048800003
6237,イワキポンプ,12.91986,1.5228395,0.11935
6238,フリュー,19.194517,1.5216633,0.091520004
6239,ナガオカ,14.36845,1.4349864,0.10383
6240,ヤマシンフィルタ,20.0,1.5538422,0.08131
6245,ヒラノテクシード,29.238447,0.70194757,0.019650001
6246,テクノスマート,7.4849234,1.0476409,0.13655
6247,日阪製作所,11.2864,0.73760664,0.06713
6248,横田製作所,11.507274,1.2042923,0.12169
6249,ゲームカードホールディングス,8.143293,0.63999534,0.06185
6250,やまびこ,10.82245,3.0454845,0.10637
6254,野村マイクロ・サイエンス,12.406907,3.6648755,0.32354
6255,エヌ・ピー・シー,23.363216,1.7835959,0.07929
6257,藤商事,,0.49187157,0.0010899999
6258,平田機工,14.662897,1.2969004,0.09392
6262,ＰＥＧＡＳＵＳ,17.391304,0.6199354,0.02339
6264,マルマエ,29.850746,4.7413588,0.19094999
6265,コンバム,16.69443,0.6862522,0.04131
6266,タツモ,10.94108,1.4580821,0.13875
6267,ゼネラルパッカー,9.199588,0.8722667,0.09972
6268,ナブテスコ,37.736,2.0154748,0.05459
6269,三井海洋開発,16.447409,4.1441717,0.30591
6272,レオン自動機,10.953037,0.9867641,0.102060005
6273,ＳＭＣ,28.40909,2.1672733,0.07903
6276,シリウスビジョン,,0.3541918,-0.06286
6277,ホソカワミクロン,19.684782,1.2721937,0.05266
6278,ユニオンツール,45.662617,3.51767,0.07985
6279,瑞光,12.165973,0.66124004,0.055180002
6282,オイレス工業,12.869733,0.95304894,0.0806
6284,日精エー・エス・ビー機械,15.873016,2.0772362,0.13958
6286,靜甲,9.523809,0.5811459,0.07468
6287,サトー,9.920796,0.84016347,0.08141
6289,技研製作所,27.855112,1.1968516,0.04341
6291,日本エアーテック,11.223214,1.3061043,0.00332
6292,カワタ,9.756098,0.42471153,0.02523
6293,日精樹脂工業,,0.42939797,-0.03821
6294,オカダアイヨン,11.185943,0.9852858,0.09132
6298,ワイエイシイホールディングス,26.452536,1.4157699,0.06397
6301,小松製作所,14.90313,1.7697235,0.12517999
6302,住友重機械工業,19.881063,0.9018007,0.046729997
6305,日立建機,13.106144,1.3100368,0.09613
6306,日工,17.00824,0.87112916,0.053829998
6307,サンセイ,6.657692,0.8542888,0.14455
6309,巴工業,14.367906,1.285542,0.09047
6310,井関農機,14.005419,0.52311903,0.03856
6315,ＴＯＷＡ,32.153755,2.9284449,0.08688
6316,丸山製作所,12.853345,0.45263168,0.04815
6317,北川鉄工所,4.694782,0.35107863,0.064569995
6322,タクミナ,8.896595,0.98656505,0.11094
6323,ローツェ,33.11113,4.828904,0.13018
6324,ハーモニック・ドライブ・システムズ,90.90909,5.406342,0.0591
6325,タカキタ,11.847389,0.5591448,0.02162
6326,クボタ,15.722847,1.114529,0.07724
6327,北川精機,33.783115,3.1001031,0.09548
6328,荏原実業,13.42311,4.216487,0.17058
6330,東洋エンジニアリング,,3.869537,
6331,三菱化工機,11.286598,1.6961942,0.17166
6332,月島ホールディングス,6.9590273,1.2144362,0.18406
6333,帝国電機製作所,10.3628235,1.4604527,0.14501001
6334,明治機械,14.245416,1.5007095,0.06068
6335,東京機械製作所,591.46344,0.4808374,0.01938
6336,石井表記,9.478759,0.78204507,0.087340005
6337,テセック,29.325481,1.0179656,0.02056
6338,タカトリ,15.974232,0.93532735,0.06322
6339,新東工業,16.156178,0.40625274,0.03223
6340,澁谷工業,10.741254,0.8642221,0.08295
6342,太平製作所,21.978195,0.504224,0.03162
6343,フリージア・マクロス,8.490566,0.52724886,0.094510004
6345,アイチ　コーポレーション,16.26045,1.2433556,
6346,キクカワエンタープライズ,10.504202,0.5835964,0.045300003
6347,プラコー,,1.7420428,
6349,小森コーポレーション,11.848654,0.7174002,0.08365
6351,鶴見製作所,13.531808,1.0693551,0.07959
6356,日本ギア工業,12.821006,3.4810903,0.07383
6357,三精テクノロジーズ,10.427524,0.8278802,0.1232
6358,酒井重工業,31.845781,0.59329206,0.016
6360,東京自働機械製作所,7.4738274,2.280055,0.0037
6361,荏原製作所,29.673964,1.7954118,0.09571999
6363,酉島製作所,23.809523,1.4853774,0.086940005
6364,ＡＩＲＭＡＮ,10.845689,1.2265923,0.12695
6365,電業社機械製作所,8.389261,0.8663921,0.10009
6366,千代田化工建設,39.366055,2.7927556,1.2447
6367,ダイキン工業,22.779007,1.9796219,0.0929
6368,オルガノ,26.385159,5.5625467,0.23462999
6369,トーヨーカネツ,12.106416,1.140254,0.09712
6370,栗田工業,39.681763,2.526851,0.06791
6371,椿本チエイン,10.929138,0.8753852,0.087510005
6376,日機装,12.9030695,1.0963174,0.09137
6378,木村化工機,13.072142,1.3869196,0.107250005
6379,レイズネクスト,11.723127,1.4313904,0.12696
6380,オリエンタルチエン工業,31.44654,2.6534817,
6381,アネスト岩田,15.129015,1.3527083,0.09493
6382,トリニティ工業,7.251775,0.6011239,0.07893
6383,ダイフク,31.445919,5.1873174,0.18377
6384,昭和真空,15.479574,0.9519149,0.06151
6387,サムコ,44.64203,5.5768123,0.13101
6390,加藤製作所,,0.3682697,0.09892
6391,加地テック,16.47435,0.95053303,0.08234
6392,ヤマダコーポレーション,8.849557,0.8619354,0.08901
6393,油研工業,9.182863,0.47363973,0.052589998
6395,タダノ,9.533021,0.84704095,0.09292
6396,宇野澤組鐵工所,9.881423,1.1688409,0.09758
6400,不二精機,9.75781,0.6079998,0.063769996
6402,兼松エンジニアリング,11.468084,4.256416,-0.025339998
6403,水道機工,29.240406,1.64742,0.08011
6405,鈴茂器工,20.747261,1.0413332,0.02686
6406,フジテック,4.3871064e-06,2.7696495,0.09536
6407,ＣＫＤ,29.497898,2.5398197,0.09194
6408,小倉クラッチ,6.393879,0.39773023,0.09011
6412,平和,15.037236,0.7377865,0.037809998
6413,理想科学工業,17.889763,1.0709869,
6417,ＳＡＮＫＹＯ,7.5017395,1.5411342,
6418,日本金銭機械,5.9240594,0.7806485,0.14310001
6419,マースグループホールディングス,7.3746843,0.6401038,0.08817001
6420,ガリレイ,11.338013,1.3120611,0.1176
6424,高見沢サイバネティックス,6.74787,0.6503861,0.078940004
6425,ユニバーサルエンターテインメント,,0.47861528,-0.04901
6428,オーイズミ,293.75,0.38995272,0.02487
6430,ダイコク電機,5.5555553,0.69117045,0.13354
6432,竹内製作所,10.834218,1.6383182,0.15975
6433,ヒーハイスト,,4.409641,-0.16271
6436,アマノ,16.025877,2.1056018,0.12810999
6440,ＪＵＫＩ,15.083085,0.65329266,0.04409
6444,サンデン,71.02041,0.72600126,0.0294
6445,ジャノメ,36.76156,0.6014816,0.01962
6448,ブラザー工業,14.409343,1.0423205,0.07083
6454,マックス,24.271025,2.8342173,0.12082
6455,モリタホールディングス,11.9330015,1.1980014,0.11061
6457,グローリー,20.449633,1.0257213,0.031659998
6458,新晃工業,11.820308,1.3284794,0.10618
6459,大和冷機工業,18.248175,1.3335837,0.06661
6460,セガサミーホールディングス,31.055141,1.4812111,-0.03656
6463,ＴＰＲ,8.103635,0.50062823,0.055960003
6464,ツバキ・ナカシマ,,0.33981952,-0.54815
6465,ホシザキ,19.64656,1.912561,0.097229995
6466,ＴＶＥ,16.233511,0.79340595,0.08447
6467,ニチダイ,,0.30055624,-0.03408
6469,放電精密加工研究所,42.37398,4.021408,0.09493
6470,大豊工業,1112.0,0.4519706,0.0056
6471,日本精工,32.67813,0.8618877,0.030869998
6472,ＮＴＮ,,0.75262463,-0.03797
6473,ジェイテクト,28.983107,0.71654826,0.03312
6474,不二越,20.661158,0.599432,0.02859
6479,ミネベアミツミ,18.832207,1.4026755,
6480,日本トムソン,21.83236,0.87127364,0.052989997
6481,ＴＨＫ,62.501392,2.405571,0.03222
6482,ＹＵＳＨＩＮ,17.922009,0.63889366,0.02836
6484,ＫＶＫ,8.216944,0.6459382,0.08094
6485,前澤給装工業,10.988623,0.78877795,0.07348
6486,イーグル工業,18.975666,1.0486022,0.08004
6488,ヨシタケ,11.376889,0.6821662,0.05919
6489,前澤工業,10.141795,1.03541,0.11212
6490,ＰＩＬＬＡＲ,24.213274,2.6241286,0.117790006
6492,岡野バルブ製造,17.9534,1.5961217,
6493,ＮＩＴＴＡＮ,8.779931,0.5856738,0.08814
6494,ＮＦＫホールディングス,31.304348,0.89743483,0.03956
6495,宮入バルブ製作所,161.11111,3.2491436,0.10539
6496,中北製作所,12.391519,0.6971306,
6497,ハマイ,9.596902,0.54411787,0.05846
6498,キッツ,16.15449,2.5688982,0.04796
6501,日立製作所,30.863607,3.6690001,
6503,三菱電機,30.394676,2.8577285,0.09513
6504,富士電機,20.833332,2.3424404,0.118190005
6505,東洋電機製造,10.471248,0.7324557,0.094960004
6506,安川電機,38.16777,2.7822642,0.0784
6507,シンフォニアテクノロジー,30.675125,4.3766327,0.15156001
6508,明電舎,20.16119,2.4215074,0.15615
6513,オリジン,,0.24410805,-0.04517
6516,山洋電気,24.096386,1.4767892,0.06254
6517,デンヨー,14.598238,0.90312946,
6518,三相電機,10.537761,0.46639702,0.05371
6521,オキサイド,,9.973011,-0.10647
6522,アスタリスク,,4.8723736,-0.09742
6523,ＰＨＣホールディングス,23.25683,0.8450561,0.02189
6524,湖北工業,42.01827,5.338037,0.12768
6525,ＫＯＫＵＳＡＩ　ＥＬＥＣＴＲＩＣ,46.949043,7.36804,0.16354
6526,ソシオネクスト,32.15237,2.4612563,0.06007
6532,ベイカレント,22.52245,7.2892313,0.35793
6533,Ｏｒｃｈｅｓｔｒａ　Ｈｏｌｄｉｎｇｓ,,1.5674732,0.13154
6535,アイモバイル,13.104886,1.8972024,0.14364
6537,ＷＡＳＨハウス,238.66667,1.4216052,0.032360002
6538,ディスラプターズ,13.090129,1.9020892,0.26252002
6539,ＭＳ－Ｊａｐａｎ,23.584679,2.6595528,0.11788999
6540,船場,12.048109,1.252867,0.1074
6543,日宣,7.0274734,1.1538044,0.17803
6544,ジャパンエレベーターサービスホールディングス,47.16794,13.3637705,0.32612
6545,インターネットインフィニティー,16.339582,2.2796423,0.1875
6546,フルテック,24.571184,1.0714777,0.05314
6547,グリーンズ,6.2736077,2.2994776,0.4065
6548,旅工房,,3.12467,
6549,ディーエムソリューションズ,10.515074,2.6468885,0.121520005
6551,ツナググループ・ホールディングス,10.917461,2.6588821,0.26629
6552,ＧａｍｅＷｉｔｈ,,1.3762034,0.16217
6554,エスユーエス,10.030455,2.2182343,0.2368
6555,ＭＳ＆Ｃｏｎｓｕｌｔｉｎｇ,,0.6905583,0.06329
6557,ＡＩＡＩグループ,16.639164,2.6087313,0.19902
6558,クックビズ,,1.8776817,-0.26573
6560,エル・ティー・エス,11.587675,1.6412314,0.14903
6561,ＨＡＮＡＴＯＵＲ　ＪＡＰＡＮ,7.3855915,2.2820501,0.34794998
6562,ジーニー,11.506849,1.2976447,0.12101
6563,みらいワークス,34.1349,0.95599306,0.11862001
6564,ミダックホールディングス,20.283743,3.4153712,0.17917
6565,ＡＢホテル,7.2201986,1.3714899,0.22307
6566,要興業,14.814431,1.1148846,0.077259995
6568,神戸天然物化学,13.793104,1.9535629,
6570,共和コーポレーション,7.4683914,1.3968093,0.21978001
6571,キュービーネットホールディングス,16.339632,1.1980505,0.07602
6572,オープングループ,20.366974,1.1664994,0.05686
6573,ＣＲＡＶＩＡ,,4.2901406,
6574,コンヴァノ,33.639145,3.6779456,0.37807
6577,ベストワンドットコム,,2.766701,-0.05331
6578,コレックホールディングス,80.70501,2.9819846,
6579,ログリー,,0.46371648,0.033180002
6580,ライトアップ,10.627251,1.8708675,0.25741
6584,三櫻工業,10.121628,0.5682657,0.03917
6586,マキタ,18.691463,1.4697303,
6588,東芝テック,,1.8979582,-0.06021
6590,芝浦メカトロニクス,28.571428,6.288734,0.25579
6592,マブチモーター,15.503401,1.2063582,0.08036
6594,ニデック,21.645353,1.4776466,0.06313
6597,ＨＰＣシステムズ,21.504524,4.768231,0.23058
6599,エブレン,15.772672,1.1405185,0.06964
6612,バルミューダ,,1.8375442,-0.44587
6613,ＱＤレーザ,,10.732122,-0.065799996
6614,シキノハイテック,,1.5434995,-0.04078
6615,ユー・エム・シー・エレクトロニクス,,0.4959189,-0.117460005
6616,トレックス・セミコンダクター,,1.1936126,-0.08211
6617,東光高岳,18.656837,1.4323918,0.086160004
6619,ダブル・スコープ,,0.3144818,-0.27515
6620,宮越ホールディングス,112.392426,1.0482265,-0.03778
6622,ダイヘン,25.906637,2.2073684,
6625,ＪＡＬＣＯホールディングス,,2.581008,0.00841
6626,ＳＥＭＩＴＥＣ,8.554268,0.9947111,0.12725
6627,テラプローブ,26.38551,4.0225463,0.07158
6629,テクノホライゾン,123.41407,1.4150126,-0.0012899999
6630,ヤーマン,,1.680915,
6632,ＪＶＣケンウッド,11.363839,1.3022981,0.1359
6633,ＣＧＳホールディングス,11.667267,0.9159295,0.09349
6634,ネクスグループ,,1.475322,-0.35616
6635,大日光・エンジニアリング,20.0,0.6007905,0.03765
6637,寺崎電気産業,11.037588,0.9435614,0.08767
6638,ミマキエンジニアリング,8.136859,1.244687,0.16621
6643,戸上電機製作所,12.42236,1.18307,0.10018
6644,大崎電気工業,25.380842,1.725868,0.03678
6645,オムロン,34.3649,1.2156565,0.0228
6647,森尾電機,7.2306056,0.69726276,0.13708
6648,かわでん,11.428572,4.124877,0.011109999
6651,日東工業,15.9238,1.3967557,0.09616999
6652,ＩＤＥＣ,42.195473,1.3951309,0.0456
6653,正興電機製作所,17.636917,1.9890363,0.11987001
6654,不二電機工業,29.93979,0.55012304,0.02268
6656,インスペック,,2.2068627,-0.56275004
6658,シライ電子工業,5.7735014,1.016531,0.19188
6659,メディアリンクス,,0.83365256,-0.15957
6662,ユビテック,,2.139612,-0.19393
6663,太洋テクノレックス,14.704595,0.75388044,0.0509
6664,オプトエレクトロニクス,,0.41951382,-0.06533
6666,リバーエレテック,,1.7195518,-0.02776
6668,アドテック　プラズマ　テクノロジー,14.620158,1.7877967,0.1241
6670,ＭＣＪ,14.925781,2.1744266,0.17132999
6674,ジーエス・ユアサ　コーポレーション,21.505547,1.834781,0.09653
6675,サクサ,12.210125,1.2901785,0.058179997
6676,ＢＵＦＦＡＬＯ,8.312574,1.448278,0.20099
6677,エスケーエレクトロニクス,12.658228,0.9967833,0.08141
6678,テクノメディカ,16.260277,1.1138324,0.07338
6694,ズーム,,0.49465162,-0.19814
6696,トラース・オン・プロダクト,98.982185,5.3635936,
6699,ダイヤモンドエレクトリックホールディングス,2.580645,0.3907087,0.108950004
6701,日本電気,24.56997,2.792139,
6702,富士通,23.201427,3.3118951,0.16861
6703,沖電気工業,26.954617,1.8850366,0.122779995
6706,電気興業,22.221468,0.8064504,0.0718
6707,サンケン電気,126.582855,1.3631482,-0.026730001
6718,アイホン,16.750044,0.68131304,0.03861
6721,ウインテスト,,16.063631,-2.38388
6723,ルネサスエレクトロニクス,,2.074581,-0.0207
6724,セイコーエプソン,13.792883,0.80821794,0.05116
6727,ワコム,18.050125,2.966238,0.20674999
6728,アルバック,28.653591,2.1160862,0.060089998
6730,アクセル,10.881569,0.8952881,0.094280005
6731,ピクセラ,,3.304059,-2.25253
6734,ニューテック,15.336993,1.7875389,0.13574
6736,サン電子,8.35421,3.8160155,0.16823
6737,ＥＩＺＯ,20.284395,0.63356274,0.03829
6740,ジャパンディスプレイ,,-112.82051,-2.82803
6741,日本信号,12.970365,1.0003176,
6742,京三製作所,9.191032,0.85002977,0.09708
6743,大同信号,8.5692835,0.47890797,0.044549998
6744,能美防災,22.727274,1.8578614,0.087840006
6745,ホーチキ,17.82601,2.32326,0.1389
6748,星和電機,8.045011,0.8363727,0.13538
6750,エレコム,12.4226885,1.2872075,0.19886999
6752,パナソニック　ホールディングス,21.141356,1.3455787,0.04152
6753,シャープ,6.825836,1.5504129,
6754,アンリツ,41.150978,3.4191658,0.08383001
6757,ＯＳＧコーポレーション,79.9609,1.7226311,0.01401
6758,ソニーグループ,16.44705,2.482097,0.14917
6762,ＴＤＫ,28.734621,2.3713546,0.09519
6763,帝国通信工業,15.797966,0.98545706,0.05923
6768,タムラ製作所,27.552181,0.9448167,0.026500002
6769,ザインエレクトロニクス,,1.1284529,-0.03642
6770,アルプスアルパイン,9.285188,1.0107592,0.12336001
6771,池上通信機,13.387678,0.42779678,0.054920003
6772,東京コスモス電機,21.643356,1.0923754,0.02622
6775,ＴＢグループ,,3.9202578,-0.41998002
6776,天昇電気工業,4.743547,0.4576067,0.09892
6777,ｓａｎｔｅｃ　Ｈｏｌｄｉｎｇｓ,57.142242,12.577245,0.27039
6778,アルチザネットワークス,30.765457,0.83519375,0.02717
6779,日本電波工業,31.947144,1.2248912,0.029289998
6785,鈴木,12.8367605,1.368662,0.124630004
6786,ＲＶＨ,,2.0742016,-0.37719002
6787,メイコー,40.816036,5.7576876,0.1357
6788,日本トリム,16.313093,1.3950969,0.08671
6794,フォスター電機,18.18133,1.1792889,0.07998
6797,名古屋電機工業,6.3734627,0.62264365,0.088
6798,ＳＭＫ,,0.67690146,-0.05842
6800,ヨコオ,31.152405,1.6727602,0.037520003
6803,ティアック,14.414414,0.8457809,0.14099
6804,ホシデン,39.99714,0.9403046,0.111049995
6806,ヒロセ電機,23.529284,1.8883955,0.08031999
6807,日本航空電子工業,20.491188,1.1835896,0.054330003
6809,ＴＯＡ,17.605425,1.1124921,0.07002
6810,マクセル,17.27154,0.9160642,0.05386
6814,古野電気,14.025219,2.6285877,0.20662001
6817,スミダコーポレーション,11.54762,0.6723508,0.056750003
6819,伊豆シャボテンリゾート,9.461078,1.4199567,0.16562
6820,アイコム,20.0,0.67330885,0.030569999
6822,大井電気,5.4584937,0.9330171,0.15621
6823,リオン,12.484172,1.1762719,0.093660004
6824,新コスモス電機,15.52814,1.2207702,0.0929
6832,アオイ電子,250.099,0.65897584,-0.00125
6834,精工技研,74.62687,8.76092,0.16554001
6835,アライドテレシスホールディングス,9.579101,1.2997882,0.14325
6836,ぷらっとホーム,151.5913,10.105973,-0.11675
6837,京写,9.415167,0.45958695,0.02657
6838,多摩川ホールディングス,36.36586,1.5449687,
6840,ＡＫＩＢＡホールディングス,13.512133,1.2564366,0.12189
6841,横河電機,24.509937,2.728205,0.12224
6844,新電元工業,31.446241,0.4888453,0.05584
6845,アズビル,17.792658,3.197552,0.14881
6848,東亜ディーケーケー,16.920702,0.76714826,0.03601
6849,日本光電工業,14.006011,1.4476029,0.07095
6850,チノー,14.880731,1.2104188,0.09031
6853,共和電業,18.834309,1.0350823,0.056810003
6855,日本電子材料,21.929825,2.7482927,0.17232001
6856,堀場製作所,23.752901,2.5148025,0.11189
6857,アドバンテスト,78.12412,30.015831,0.49263
6858,小野測器,22.935043,0.5482964,0.02743
6859,エスペック,13.386614,1.2234815,0.095240004
6861,キーエンス,37.31339,4.567082,
6862,ミナトホールディングス,32.04972,2.3516185,0.23021
6863,ニレコ,10.526316,0.9270327,0.084350005
6864,エヌエフホールディングス,,0.7982761,-0.02337
6866,日置電機,26.525198,3.3092787,0.1434
6867,リーダー電子,22.46818,0.5157101,-0.009380001
6869,シスメックス,19.193268,1.7880095,0.09243
6870,日本フェンオール,8.928571,0.7620178,0.08846
6871,日本マイクロニクス,39.68305,7.259637,0.20853001
6874,協立電機,10.235229,1.0660746,0.110860005
6875,メガチップス,56.49824,0.7377098,0.075840004
6877,ＯＢＡＲＡ　ＧＲＯＵＰ,14.265335,1.0730795,0.09546
6882,三社電機製作所,39.846153,0.56480265,0.0035100002
6888,アクモス,15.7983675,1.806106,0.111499995
6890,フェローテック,28.089888,1.3441535,0.052670002
6894,パルステック工業,7.1993184,0.74426126,0.10787
6897,ツインバード,,0.51193184,0.008119999
6898,トミタ電機,125.0,0.80662954,0.03143
6899,ＡＳＴＩ,8.382302,0.30333957,0.01748
6901,澤藤電機,,0.44809082,0.0015
6902,デンソー,15.151038,0.98019505,0.07893
6904,原田工業,11.323999,0.6898512,0.08951
6905,コーセル,,0.9344227,-0.01138
6907,ジオマテック,15.151962,0.7718636,0.0022
6908,イリソ電子工業,21.78688,1.0350609,0.042480003
6912,菊水ホールディングス,12.755102,1.2367482,0.11161
6914,オプテックスグループ,16.286291,1.8977163,0.124239996
6915,千代田インテグレ,11.820417,0.72892255,0.064109996
6918,アバールデータ,21.504799,1.7696846,0.068969995
6919,ケル,32.365974,0.70014656,0.01477
6920,レーザーテック,41.322315,15.874769,0.42963
6923,スタンレー電気,14.749436,0.8417593,0.07508
6925,ウシオ電機,62.89647,1.2994635,0.02424
6926,岡谷電機産業,,0.6925431,-0.25553
6927,ヘリオス　テクノ　ホールディング,34.126526,1.2296997,0.11946
6928,エノモト,26.880825,0.95231384,0.04804
6929,日本セラミック,10.989181,1.5874797,0.13819
6932,遠藤照明,7.6394677,0.8385667,0.121020004
6941,山一電機,33.55748,4.3569326,0.18048
6942,ソフィアホールディングス,,1.9197949,-0.05119
6943,ＮＫＫスイッチズ,,0.30831516,-0.009430001
6946,日本アビオニクス,39.21449,6.7623634,0.2292
6947,図研,17.452106,2.4484575,0.15471
6951,日本電子,17.699116,2.080877,0.111949995
6952,カシオ計算機,31.848005,1.7216053,0.08479
6954,ファナック,36.90011,3.2372317,0.093660004
6955,ＦＤＫ,50.507328,0.87344587,0.0052300002
6958,日本シイエムケイ,15.796449,0.55214226,0.03056
6960,フクダ電子,15.290614,1.4980719,0.10077
6961,エンプラス,36.231884,2.4679143,0.08602
6962,大真空,48.314606,0.5727191,0.01051
6963,ローム,,1.5487133,
6964,サンコー,11.614969,0.37839285,0.03006
6965,浜松ホトニクス,40.986034,1.7900363,0.04124
6966,三井ハイテック,38.76959,1.0779288,0.02833
6969,松尾電機,7.1478286,1.5050206,-0.15672
6971,京セラ,86.20911,1.0815657,0.03185
6976,太陽誘電,204.1132,2.288093,0.020130001
6977,日本抵抗器製作所,,1.055323,-0.19155
6981,村田製作所,44.642857,3.202747,0.07253
6982,リード,,0.63545036,-0.08801
6986,双葉電子工業,105.247375,0.3633422,0.0011
6988,日東電工,18.416025,2.0595148,0.12399
6989,北陸電気工業,9.115897,0.9097845,0.08939
6993,大黒屋ホールディングス,,16.445206,-0.26137
6994,指月電機製作所,14.224078,1.0445807,0.08168
6995,東海理化電機製作所,7.194245,0.7469252,0.094
6996,ニチコン,42.730843,1.2669605,0.02775
6997,日本ケミコン,399.82175,0.938964,0.023340002
6998,日本タングステン,16.102484,0.7669999,0.05277
6999,ＫＯＡ,37.1759,0.871975,
7003,三井Ｅ＆Ｓ,23.419086,2.7844806,0.15937
7004,カナデビア,11.402011,1.1447892,0.058080003
7011,三菱重工業,53.763836,5.535988,
7012,川崎重工業,26.665508,3.1769981,
7013,ＩＨＩ,25.575867,5.8678713,0.23552
7014,名村造船所,14.104348,2.2427912,0.16931999
7018,内海造船,12.970105,1.8116279,0.14825
7021,ニッチツ,36.629635,0.38416725,0.009190001
7022,サノヤスホールディングス,7.9296274,0.9310179,0.17322999
7030,スプリックス,22.025932,2.26081,0.12748
7031,インバウンドテック,,0.8537072,-0.31261998
7033,マネジメントソリューションズ,12.255121,3.6402383,0.31172
7034,プロレド・パートナーズ,22.67658,0.77174443,0.15967
7035,ａｎｄ　ｆａｃｔｏｒｙ,,3.0366993,-0.27137
7036,イーエムネットジャパン,,4.1937284,-0.42418998
7037,テノ．ホールディングス,37.728024,2.3045502,0.06216
7038,フロンティア・マネジメント,,3.9937663,-0.11184
7039,ブリッジインターナショナルグループ,12.391158,1.4156741,0.12235
7040,サン・ライフホールディング,7.251853,0.898399,0.123509996
7041,ＣＲＧホールディングス,11.074919,0.58514315,0.036510002
7042,アクセスグループ・ホールディングス,11.223386,1.6110317,0.15336001
7043,アルー,9.22521,1.5651907,0.1863
7044,ピアラ,19.193375,6.6805377,0.39685002
7046,ＴＤＳＥ,24.390245,1.2232847,0.06334
7047,ポート,14.83696,3.0956886,0.08585
7048,ベルトラ,49.47644,2.6142526,0.03006
7049,識学,23.809525,2.3445423,0.42133
7050,フロンティアインターナショナル,12.754783,1.520048,0.1594
7057,エヌ・シー・エヌ,29.323996,1.4370067,0.06419
7058,共栄セキュリティーサービス,20.492348,0.90263337,0.053189997
7059,コプロ・ホールディングス,17.181997,3.869512,0.23986
7060,ギークス,26.045885,2.037484,0.044889998
7061,日本ホスピスホールディングス,22.98571,1.7325304,0.07807
7062,フレアス,28.092173,1.0482193,0.18653
7063,Ｂｉｒｄｍａｎ,,3.2627316,
7064,ハウテレビジョン,10.438219,1.707682,0.07
7065,ユーピーアール,20.661346,0.73186105,0.07991
7066,ピアズ,11.002227,1.6489753,0.16041
7067,ブランディングテクノロジー,39.681175,1.190704,0.02725
7068,フィードフォースグループ,10.131906,3.7952838,0.41903
7069,サイバー・バズ,8.271618,3.7274673,0.64425004
7071,アンビスホールディングス,11.111112,1.1041824,0.09616
7072,インティメート・マージャー,18.724588,1.718203,0.16638
7073,ジェイック,12.642301,2.0069957,0.12845999
7074,トゥエンティーフォーセブンホールディングス,,30.307623,-1.77119
7075,ＱＬＳホールディングス,12.853342,2.8793004,0.28195
7077,ＡＬｉＮＫインターネット,,1.3056581,-0.17841999
7078,ＩＮＣＬＵＳＩＶＥ　Ｈｏｌｄｉｎｇｓ,,2.7188761,-0.59787
7079,ＷＤＢココ,8.688083,1.3946141,0.16531
7080,スポーツフィールド,8.554377,2.724697,0.37348
7081,コーユーレンティア,7.5813327,1.1434693,0.16354999
7082,ジモティー,18.586113,5.164043,0.31114
7083,ＡＨＣグループ,1422.0,1.2917033,-0.0017299999
7084,Ｓｍｉｌｅ　Ｈｏｌｄｉｎｇｓ,35.336075,1.4954321,0.04425
7085,カーブスホールディングス,18.3822,3.9047143,0.20459
7087,ウイルテック,13.227244,1.0013813,0.07078
7088,フォーラムエンジニアリング,28.40928,6.4983664,0.21826
7089,フォースタートアップス,16.0,3.1254947,0.2076
7090,リグア,,11.791589,-1.21322
7091,リビングプラットフォーム,13.038193,2.4495947,0.23021
7092,Ｆａｓｔ　Ｆｉｔｎｅｓｓ　Ｊａｐａｎ,18.656837,2.8727174,0.17665
7093,アディッシュ,,2.135273,-0.00224
7094,ＮｅｘＴｏｎｅ,19.34348,2.8129036,0.14922
7095,Ｍａｃｂｅｅ　Ｐｌａｎｅｔ,7.0373497,1.4112601,0.20438999
7096,ステムセル研究所,40.163933,2.966876,0.06629
7097,さくらさくプラス,17.182535,2.1427748,0.13475999
7102,日本車輌製造,5.652933,0.71278936,0.16147
7105,三菱ロジスネクスト,,1.26165,-0.00139
7110,クラシコム,15.674371,2.6745567,0.18028
7111,ＩＮＥＳＴ,,0.7000573,-0.051090002
7112,キューブ,149.12892,4.8116107,
7114,フーディソン,46.07472,1.630412,0.04877
7115,アルファパーチェス,16.583406,2.4526138,0.16093001
7116,ダイワ通信,,1.4139932,0.08285
7119,ハルメクホールディングス,21.88116,1.8765873,0.12318
7120,ＳＨＩＮＫＯ,9.049728,2.218674,0.36783
7122,近畿車輛,19.304377,0.46297273,0.01041
7126,グローバルスタイル,11.736734,1.7624711,0.16084999
7127,一家ホールディングス,,4.6352143,0.05745
7128,ユニソルホールディングス,27.625973,0.7290689,0.027409999
7129,ミアヘルサホールディングス,9.496787,0.8665716,
7130,ヤマエグループホールディングス,11.049824,0.87154514,0.10443
7131,のむら産業,11.037441,2.371368,0.27922
7133,ＨＹＵＧＡ　ＰＲＩＭＡＲＹ　ＣＡＲＥ,14.492187,3.205756,
7134,アップガレージグループ,11.480735,1.6659406,0.17042999
7135,ジャパンクラフトホールディングス,,0.69186306,-0.16896999
7138,ＴＯＲＩＣＯ,,2.190273,-0.25679
7140,ペットゴー,,1.3443124,-0.11817
7148,ＦＰＧ,7.4349957,2.4072382,0.31698
7150,島根銀行,29.239767,0.34075457,0.02908
7157,ライフネット生命保険,23.924023,1.7976234,0.075890005
7161,じもとホールディングス,71.9708,0.15256795,0.02525
7162,アストマックス,,0.63229686,-0.11798
7164,全国保証,13.869518,1.8644903,0.13933
7167,めぶきフィナンシャルグループ,18.518263,1.1930155,0.07261
7172,ジャパンインベストメントアドバイザー,11.709279,1.6789706,0.14528
7173,東京きらぼしフィナンシャルグループ,13.513514,0.908284,0.09907
7175,今村証券,10.267143,0.5392484,0.07229
7177,ＧＭＯフィナンシャルホールディングス,11.389831,3.870834,0.2074
7180,九州フィナンシャルグループ,15.552927,0.7412134,0.05503
7181,かんぽ生命保険,11.682482,0.42423356,0.04137
7182,ゆうちょ銀行,22.726517,1.0417707,0.05311
7183,あんしん保証,28.827362,1.2684536,0.04422
7184,富山第一銀行,17.152285,0.89594984,0.05836
7185,ヒロセ通商,14.164464,1.1208843,0.09155
7186,横浜フィナンシャルグループ,18.449982,1.2261746,
7187,ジェイリース,10.224668,3.5138676,0.39005002
7189,西日本フィナンシャルホールディングス,16.286583,0.9789611,0.07019
7191,イントラスト,16.128574,3.3445506,0.23228
7192,日本モーゲージサービス,9.149233,1.038047,0.12302
7196,Ｃａｓａ,6.653083,1.0337718,0.13626
7198,ＳＢＩアルヒ,21.367311,1.1512544,0.15203
7199,プレミアグループ,15.60041,3.028507,0.21893999
7201,日産自動車,,0.26063478,-0.15938
7202,いすゞ自動車,12.594281,1.0970509,0.10573
7203,トヨタ自動車,11.764499,1.1179208,0.10032
7205,日野自動車,9.125206,1.032157,0.35362998
7208,カネミツ,9.470005,0.4954552,0.05878
7211,三菱自動車工業,129.88188,0.49504876,0.010620001
7212,エフテック,,0.26988563,-0.071279995
7213,レシップホールディングス,5.3190284,0.6784163,0.19396
7214,ＧＭＢ,,0.21646796,0.02605
7215,ファルテック,11.012434,0.190476,0.0016699999
7217,テイン,25.130283,0.6622951,0.03382
7218,田中精密工業,5.7770104,0.39935982,0.06445
7219,エッチ・ケー・エス,7.8617535,0.29734516,0.03879
7220,武蔵精密工業,22.421202,1.7284958,0.02394
7222,日産車体,16.611624,0.7578805,0.038399998
7224,新明和工業,18.148863,1.3257915,0.092159994
7226,極東開発工業,85.46776,0.9881997,0.02352
7228,デイトナ,8.291892,0.97044826,0.12817
7229,ユタカ技研,8.525149,0.41194436,0.04208
7231,トピー工業,8.396271,0.47028008,0.07455
7235,東京ラヂエーター製造,6.993042,0.5828573,0.0848
7236,ティラド,7.4515524,1.0626657,0.21312
7238,曙ブレーキ工業,,0.7244749,0.00459
7239,タチエス,5.753693,0.7433773,0.11885
7240,ＮＯＫ,15.6246605,0.75395435,
7241,フタバ産業,8.0,0.670646,0.11553001
7242,カヤバ,8.431687,0.8691851,0.13303
7244,市光工業,7.9869723,1.5504436,0.21043
7245,大同メタル工業,11.135398,0.56407267,0.05768
7246,プレス工業,14.043791,0.6965844,0.07199
7247,ミクニ,4.7913446,0.3422485,0.08535
7250,太平洋工業,11.534048,0.9264577,0.08808
7254,ユニバンス,8.006295,0.56216323,0.09348
7255,桜井製作所,4.201606,0.31720525,0.06925
7256,河西工業,,1.0994346,-0.21406001
7259,アイシン,10.416667,0.78493845,0.08387
7261,マツダ,20.831762,0.38435814,0.00521
7264,ムロコーポレーション,39.067574,0.36031005,0.01418
7265,エイケン工業,11.325188,1.151047,0.07047
7266,今仙電機製作所,15.648724,0.35666716,0.03924
7267,本田技研工業,10.427357,0.4060966,0.042969998
7269,スズキ,9.3372755,1.1067684,0.13446
7270,ＳＵＢＡＲＵ,6.9930553,0.66042477,0.037639998
7271,安永,8.80276,0.94299644,0.10439
7272,ヤマハ発動機,7.1072783,0.9783159,0.02882
7273,イクヨ,6.013084,1.4809257,0.32813
7276,小糸製作所,15.773311,1.0770562,0.06459
7277,ＴＢＫ,34.46691,0.34803787,0.0269
7278,エクセディ,16.55639,1.0707368,0.07421
7279,ハイレックスコーポレーション,13.12336,0.50899374,0.19784
7280,ミツバ,5.9171596,0.4943591,0.06565
7282,豊田合成,11.806307,0.9153423,0.088999994
7283,愛三工業,9.0088,0.7990255,0.097449996
7284,盟和産業,7.1477904,0.3711643,0.04502
7287,日本精機,16.15512,0.63579273,0.04632
7291,日本プラスト,21.930267,0.23407924,0.00934
7292,村上開明堂,11.185644,0.8216762,0.08432999
7294,ヨロズ,,0.36509198,-0.1275
7296,エフ・シー・シー,9.881479,0.8557475,0.07627
7297,カーメイト,,0.40566728,-0.028959999
7299,フジオーゼックス,7.8925567,0.5789895,0.074039996
7305,新家工業,13.106475,0.74877787,0.05998
7309,シマノ,43.859875,1.6944427,0.03897
7313,テイ・エス　テック,39.37139,0.6723395,0.024619998
7314,小田原機器,39.06869,0.9101197,0.02315
7317,松屋アールアンドディ,14.535577,3.1696408,0.2355
7318,セレンディップ・ホールディングス,7.445906,2.952651,0.28867
7320,Ｓｏｌｖｖｙ,,3.8336153,-0.045619998
7322,三十三フィナンシャルグループ,18.518518,0.76476544,0.05336
7325,アイリックコーポレーション,16.10201,1.8584844,0.12503
7326,ＳＢＩインシュアランスグループ,20.449587,1.1568075,0.45594
7327,第四北越フィナンシャルグループ,13.927849,0.95733386,0.08083
7337,ひろぎんホールディングス,15.31449,1.0263073,0.07316
7343,ブロードマインド,21.550388,1.7940629,0.10416
7345,アイ・パートナーズフィナンシャル,1252.4391,5.0384135,0.080620006
7347,マーキュリアホールディングス,Infinity,0.820875,0.09349
7350,おきなわフィナンシャルグループ,13.495308,0.78077906,0.06765
7351,グッドパッチ,10.917226,0.9859163,0.09375
7352,ＴＷＯＳＴＯＮＥ＆Ｓｏｎｓ,96.23656,6.3068886,
7353,ＫＩＹＯラーニング,13.316172,2.4379063,0.20283002
7354,ダイレクトマーケティングミックス,11.38976,1.0202936,0.09386
7356,Ｒｅｔｔｙ,181.01265,6.183784,0.06412
7357,ジオコード,,4.194361,-0.0058600004
7358,ポピンズ,12.284948,1.4983145,0.12855
7359,東京通信グループ,10.7064495,3.107647,0.8167
7360,オンデック,,2.2423136,-0.14674
7361,ヒューマンクリエイションホールディングス,9.587735,2.4823184,0.21886
7362,Ｔ．Ｓ．Ｉ,15.1750965,0.8807692,0.05947
7363,ベビーカレンダー,23.039656,1.4422802,0.097040005
7366,ＬＩＴＡＬＩＣＯ,15.552272,3.2307575,0.26485002
7367,セルム,10.987904,2.1969016,0.22631
7368,表示灯,10.649561,0.97978663,0.100159995
7369,メイホーホールディングス,31.840193,1.185908,0.039130002
7370,Ｅｎｊｉｎ,13.587141,1.2801034,0.078049995
7371,Ｚｅｎｋｅｎ,23.309788,0.67438495,0.03029
7372,デコルテ・ホールディングス,13.586765,0.3757737,0.03302
7373,アイドマ・ホールディングス,10.940761,2.668358,0.2672
7374,コンフィデンス・インターワークス,9.29393,1.5541852,0.13441
7375,リファインバースグループ,47.847446,18.556158,0.48567
7376,ＢＣＣ,,0.7403811,-0.13264
7377,ＤＮホールディングス,11.695762,1.0219603,0.10889
7378,アシロ,15.576651,5.5730715,0.33811
7380,十六フィナンシャルグループ,17.36134,0.80512667,0.05246
7381,ＣＣＩグループ,21.739132,0.8980902,0.058379997
7383,ネットプロテクションズホールディングス,24.810402,2.1824594,0.09624
7384,プロクレアホールディングス,144.93307,0.6471524,0.00033
7388,ＦＰパートナー,26.739029,5.107216,0.16399999
7389,あいちフィナンシャルグループ,33.558422,0.947807,0.0434
7399,ナンシン,15.578158,0.3249425,0.033940002
7409,ＡｅｒｏＥｄｇｅ,75.18337,3.837685,0.26245
7412,アトム,185.38683,12.031389,0.03081
7413,創健社,48.309086,1.4984509,0.03338
7414,小野建,14.836859,0.3523128,0.0369
7416,はるやまホールディングス,,0.51551175,-0.03407
7417,南陽,9.523491,0.6609465,0.078449994
7419,ノジマ,9.166256,1.3700092,0.17813
7420,佐鳥電機,12.771721,0.76805943,0.08723
7421,カッパ・クリエイト,59.52744,7.0323296,0.06039
7422,東邦レマック,116.18497,0.38763353,0.109969996
7425,初穂商事,10.288229,0.3486139,0.0438
7426,山大,,0.4109461,
7427,エコートレーディング,6.811819,0.43685067,0.06493
7433,伯東,17.482662,1.1767619,0.07597
7434,オータケ,7.592939,0.4201416,
7435,ナ・デックス,14.045699,0.5300371,0.03697
7438,コンドーテック,12.033493,1.0260566,0.08569
7442,中山福,11.863078,0.3833074,0.02303
7443,横浜魚類,20.038168,2.353917,-0.02678
7444,ハリマ共和物産,7.1736264,0.41776118,0.054190002
7445,ライトオン,,23.777222,-1.10455
7446,東北化学薬品,9.099124,0.48299468,0.06865
7447,ナガイレーベン,21.323174,1.3770543,0.06384
7450,サンデー,,1.3703706,0.07926
7453,良品計画,35.086784,5.7257147,-0.04765
7455,パリミキホールディングス,32.36282,0.9869831,0.03275
7456,松田産業,15.174506,1.5793983,0.12477
7458,第一興商,12.376518,1.5188371,0.1234
7459,メディパルホールディングス,14.306476,0.8956306,0.06734
7460,ヤギ,9.199729,0.694179,0.096190006
7461,キムラ,5.543133,0.41073385,0.06302
7462,ＣＡＰＩＴＡ,20.53476,1.1805214,0.060089998
7463,アドヴァングループ,4.1718,0.54918873,0.14129
7464,セフテック,13.021243,0.40155905,0.03042
7466,ＳＰＫ,10.162601,0.4740883,0.10411
7467,萩原電気ホールディングス,13.774157,0.7186825,0.046729997
7472,鳥羽洋行,11.764526,0.7085901,0.0573
7475,アルビス,14.684288,0.6686921,0.0419
7476,アズワン,17.794106,2.2581253,0.13489
7477,ムラキ,53.474518,1.2440933,0.02369
7480,スズデン,14.969758,1.3970511,0.09177
7481,尾家産業,7.3745413,1.265878,
7482,シモジマ,13.642318,0.8718289,0.0699
7483,ドウシシャ,15.360671,1.3012977,0.0938
7486,サンリン,15.243777,0.4210072,0.03006
7487,小津産業,36.10148,0.85363704,0.028959999
7490,日新商事,26.525423,0.31690136,0.18368
7494,コナカ,16.58468,0.4890482,0.107080005
7500,西川計測,12.091883,8.323889,0.057210002
7501,ティムコ,,1.104534,-0.02648
7502,プラザホールディングス,11.248846,1.8148029,0.14477
7504,高速,16.051113,1.3873705,0.09244
7505,扶桑電通,8.628319,1.3359187,0.20476
7506,ハウス　オブ　ローゼ,103.106064,1.1911254,0.06078
7508,Ｇ‐７ホールディングス,11.454344,1.684612,0.15786
7509,アイエーグループ,4.8804073,0.38438046,0.09024999
7510,たけびし,13.8505745,0.9028763,0.068959996
7512,イオン北海道,32.36282,1.5828302,0.13736
7513,コジマ,19.60875,1.3796272,0.07229
7514,ヒマラヤ,,0.65724736,-0.01277
7515,マルヨシセンター,61.728394,1.3457506,0.0467
7516,コーナン商事,10.009952,0.7025349,0.07236
7520,エコス,9.862083,0.8932515,0.09431
7521,ムサシ,6.1050663,0.5576116,0.047519997
7522,ワタミ,12.005342,1.3670398,0.13462
7523,アールビバン,9.9009905,0.8343773,0.090129994
7524,マルシェ,58.04196,0.2889751,0.04933
7525,リックス,9.756098,1.0395424,0.11415
7527,システムソフト,,1.1090426,-0.096820004
7531,清和中央ホールディングス,16.723164,0.3644137,0.02179
7532,パン・パシフィック・インターナショナルホールディングス,28.093246,4.2694864,0.15955
7537,丸文,9.94054,0.57858807,0.05764
7538,大水,4.3996334,0.4146604,0.103190005
7539,アイナボホールディングス,10.880972,0.69148463,0.06532
7544,スリーエフ,11.025184,1.0172325,0.19139
7545,西松屋チェーン,18.315437,1.2639884,0.0721
7550,ゼンショーホールディングス,37.03752,4.0975986,0.14186
7551,ウェッズ,8.298319,0.6336819,0.07176
7552,ハピネット,13.77443,2.0047374,0.19048999
7554,幸楽苑,24.214859,3.108846,0.46769002
7555,大田花き,29.668133,0.7268104,0.02226
7561,ハークスレイ,11.261487,0.49152163,0.047399998
7562,安楽亭,45.662952,2.1374004,0.060739998
7564,ワークマン,30.675386,3.8472102,0.14140001
7565,萬世電機,10.905106,0.7714325,0.09255999
7567,栄電子,42.555065,0.51828206,0.014520001
7570,橋本総業ホールディングス,8.695652,0.7111272,0.09004
7571,ヤマノホールディングス,29.239765,2.577652,0.27446
7575,日本ライフライン,10.277657,1.5698186,0.15016
7578,ニチリョク,3.665786,0.20742235,-0.10455
7581,サイゼリヤ,21.459053,2.050471,0.101339996
7585,かんなん丸,,1.3519589,-0.00682
7590,タカショー,33.672604,0.5259985,0.015759999
7593,ＶＴホールディングス,10.3101425,0.7887573,0.08479
7595,アルゴグラフィックス,15.999564,2.19328,0.34893
7596,魚力,23.809523,1.7511134,0.07954
7599,ＩＤＯＭ,11.83412,1.6032815,0.14055
7600,日本エム・ディ・エム,,0.58532226,-0.041139998
7601,ポプラ,20.879122,2.1789825,0.16145
7602,レダックス,,0.9721807,-0.05386
7603,ジーイエット,,1.592402,-2.02969
7604,梅の花グループ,,4.1642885,-0.13256
7606,ユナイテッドアローズ,19.454916,1.6035113,0.1456
7607,進和,11.428572,0.9140686,0.0828
7608,エスケイジャパン,15.576268,2.297811,0.21797001
7609,ダイトロン,12.360711,1.7028849,0.14411001
7610,テイツー,10.630498,1.3249027,0.13215
7611,ハイデイ日高,22.988066,4.349683,0.18653
7613,シークス,26.24503,0.6327998,0.02419
7614,オーエムツーネットワーク,10.449469,0.57111776,0.05342
7615,京都きもの友禅ホールディングス,,0.8251453,-0.09033
7616,コロワイド,144.90811,2.399047,0.03384
7619,田中商事,7.7220078,0.44533512,0.05862
7621,うかい,,3.8776906,-0.16137
7624,ＮａＩＴＯ,25.626204,0.55440694,0.02181
7625,グローバルダイニング,15.821709,0.86051506,0.055999998
7628,オーハシテクニカ,13.297932,0.769082,0.06329
7630,壱番屋,54.940956,4.3692293,0.07975
7634,星医療酸器,11.376492,0.8627411,0.07665
7635,杉田エース,3.700148e-05,0.78110147,0.05106
7636,ハンズマン,12.361733,0.62764394,0.05159
7637,白銅,16.694502,1.1621693,0.08902001
7638,ＮＥＷ　ＡＲＴ　ＨＯＬＤＩＮＧＳ,9.23345,2.249176,0.25618
7640,トップカルチャー,,4.25191,-0.51973
7643,ダイイチ,19.568975,2.0485992,0.094519995
7646,ＰＬＡＮＴ,9.615188,0.8489522,0.082679994
7649,スギホールディングス,13.927566,2.1564105,0.16621
7670,オーウエル,5.879005,0.4684176,0.08427
7673,ダイコー通産,11.098759,1.0817918,0.10832
7674,ＮＡＴＴＹ　ＳＷＡＮＫＹホールディングス,,4.7046237,-0.51811004
7677,ヤシマキザイ,,0.7389843,0.00625
7678,あさくま,88.490005,10.441497,
7679,薬王堂ホールディングス,8.833786,0.88198173,0.10423
7681,レオクラン,35.33747,0.98786366,0.04585
7682,浜木綿,108.69565,5.3258095,0.050279997
7683,ダブルエー,25.706215,2.3539314,0.06309
7685,ＢｕｙＳｅｌｌ　Ｔｅｃｈｎｏｌｏｇｉｅｓ,40.816326,10.19321,0.31072
7686,ひとまいる,19.344261,2.635626,0.14625
7687,ミクリード,10.029566,1.8176123,0.19266
7689,コパ・コーポレーション,,1.6378877,-0.30122
7692,アースインフィニティ,14.1210375,7.448507,0.64524
7694,いつも,,1.5902678,-0.01388
7695,交換できるくん,78.09621,2.9071317,-0.0114
7698,アイスコ,18.148834,2.2835112,0.14021
7701,島津製作所,19.723415,2.0703855,
7702,ＪＭＳ,67.550705,0.25422567,-0.0075700004
7707,プレシジョン・システム・サイエンス,,1.6073496,-0.00921
7709,クボテック,,8.775248,-0.86917
7711,助川電気工業,43.66873,11.809528,0.031689998
7713,シグマ光機,13.422967,0.7116423,0.04897
7715,長野計器,10.845832,1.2182481,0.11699
7716,ナカニシ,,2.0536797,-0.02039
7717,ブイ・テクノロジー,60.240967,1.33506,0.058590002
7718,スター精密,Infinity,1.0194062,0.040009998
7719,東京衡機,38.17053,2.6997237,0.074939996
7721,東京計器,26.384844,2.881013,0.117180005
7722,国際計測器,7.1942444,0.93124115,0.11214
7723,愛知時計電機,11.560579,0.9080724,0.09204
7725,インターアクション,47.6244,1.5995483,0.05098
7726,黒田精工,70.41096,0.50797266,-0.00035
7727,オーバル,13.263041,0.96910226,0.07875
7729,東京精密,30.86408,3.7057593,0.12477
7730,マニー,32.788326,3.2422206,0.10177
7731,ニコン,75.17661,1.094232,-0.13925
7733,オリンパス,18.348783,2.2545354,0.11247
7734,理研計器,18.518518,1.9219632,
7735,ＳＣＲＥＥＮホールディングス,33.669712,4.484705,0.19765
7739,キヤノン電子,22.883223,1.172875,0.05243
7740,タムロン,15.174402,2.0737581,0.13981
7741,ＨＯＹＡ,47.618656,9.541997,0.24176
7743,シード,12.788906,0.94657016,0.06282
7744,ノーリツ鋼機,14.836857,0.71586245,0.073920004
7745,Ａ＆Ｄホロンホールディングス,12.610334,1.7349229,0.13617
7746,岡本硝子,,10.70816,-0.02656
7747,朝日インテック,52.63475,5.8790884,0.11178
7749,メディキット,14.144487,0.94478196,0.06894
7751,キヤノン,12.210062,1.1285363,0.096549995
7752,リコー,13.315656,0.70237243,0.059180003
7760,ＩＭＶ,26.24661,4.2360187,0.18284
7762,シチズン時計,19.268724,1.6209975,0.08525
7769,リズム,12.953463,0.8593573,0.07511
7771,日本精密,41.170216,4.7626076,0.059359998
7774,ジャパン・ティッシュエンジニアリング,,4.6784797,-0.08382
7775,大研医器,12.9698715,1.687266,0.13011
7776,セルシード,,5.1581187,-0.71658
7777,スリー・ディー・マトリックス,,13.049204,0.31863
7779,ＣＹＢＥＲＤＹＮＥ,,1.6390574,-0.0013
7780,メニコン,25.063671,1.3203388,0.07532
7781,平山ホールディングス,10.729804,2.0578513,0.20639
7782,シンシア,11.441198,1.0804094,0.095740005
7791,ドリームベッド,7.3478656,0.70623934,0.07654
7792,コラントッテ,9.690056,2.4596684,0.25647
7793,イメージ・マジック,13.03814,2.077045,0.17033
7794,イーディーピー,,12.29414,
7795,ＫＹＯＲＩＴＳＵ,8.333333,0.54326886,0.07309
7800,アミファ,22.422081,1.868509,0.16935
7803,ブシロード,7.6162786,1.3157498,0.19134001
7804,ビーアンドピー,11.4022665,1.5160484,
7805,プリントネット,8.810215,0.8444433,0.09905
7806,ＭＴＧ,33.0033,4.819921,0.19056
7807,幸和製作所,8.012446,1.0003084,0.13600999
7808,シー・エス・ランバー,5.8582253,2.0386693,
7809,壽屋,8.090692,1.3399937,0.17678
7810,クロスフォー,112.121216,1.7261487,0.01375
7811,中本パックス,7.874112,0.81182045,0.107250005
7812,クレステック,6.8539042,0.640048,0.09277
7813,プラッツ,15.771558,0.87772846,0.05657
7814,日本創発グループ,4.5598392,1.4475976,0.35124
7815,東京ボード工業,,0.8059151,-0.16982001
7817,パラマウントベッドホールディングス,,,
7818,トランザクション,15.0155,3.218918,0.21416001
7819,粧美堂,15.648648,1.9489009,0.16219
7820,ニホンフラッシュ,,0.612698,-0.0874
7821,前田工繊,12.690458,1.6978836,0.14145
7822,永大産業,32.26257,0.22880055,-0.00492
7823,アートネイチャー,26.040354,0.97964334,0.04536
7826,フルヤ金属,24.213234,2.72062,0.05692
7827,オービス,7.0223303,0.53201705,
7831,ウイルコホールディングス,,1.100688,-0.52314997
7832,バンダイナムコホールディングス,20.039722,2.9814808,0.13791999
7833,アイフィスジャパン,11.521136,1.0777241,0.095740005
7836,アビックス,15.357766,1.7564871,0.06427
7837,アールシーコア,,0.6506258,-0.24844
7839,ＳＨＯＥＩ,14.285714,3.0052474,0.21052
7840,フランスベッドホールディングス,19.01157,1.1303399,0.06931
7841,遠藤製作所,16.233196,0.65264446,0.014839999
7844,マーベラス,31.348167,1.0648704,0.04997
7846,パイロットコーポレーション,15.19778,1.2322733,0.08441
7847,グラファイトデザイン,29.065588,2.0133371,0.34506
7849,スターツ出版,11.376628,1.4542701,0.13409
7850,総合商研,12.1944475,0.6895232,0.060939997
7851,カワセコンピュータサプライ,9.98996,0.3807148,0.03017
7856,萩原工業,13.66133,0.78932285,0.03907
7857,セキ,52.083336,0.3628209,0.0067299996
7859,アルメディオ,,0.8458919,-0.06092
7860,エイベックス,121.92193,1.019038,0.04615
7863,平賀,14.726948,2.6326246,0.21535
7864,フジシールインターナショナル,9.082805,0.9075803,0.14774999
7865,ピープル,,0.79726166,0.15435
7867,タカラトミー,15.361227,2.2067034,0.1043
7868,広済堂ホールディングス,18.940248,1.4986485,
7871,フクビ化学工業,11.299925,0.47137374,0.04575
7872,エステールホールディングス,,0.57355785,-0.045900002
7874,レック,17.391973,0.99406457,0.07376
7875,竹田ｉＰホールディングス,8.495789,0.6153599,0.07181
7877,永大化工,8.532332,0.3284194,0.04354
7878,光・彩,22.273426,1.3443816,-0.15696
7879,ノダ,,0.30571553,-0.02084
7883,サンメッセ,15.947136,0.41159797,0.0128999995
7885,タカノ,21.832556,0.50922996,0.01938
7886,ヤマト　モビリティ　＆　Ｍｆｇ．,,1.235484,-0.65042996
7887,南海プライウッド,6.6446056,0.38673058,0.046669997
7888,三光合成,6.6052113,0.72993314,0.12641
7893,プロネクサス,,1.125271,-0.01691
7896,セブン工業,20.0,0.47007352,-0.00125
7897,ホクシン,,0.5453384,
7898,ウッドワン,3.9968743,0.20327315,0.05435
7901,マツモト,,2.0976892,-0.41957
7902,ソノコム,17.45182,0.44871035,0.02849
7906,ヨネックス,22.472744,3.390464,0.15293999
7908,きもと,12.596635,0.6393832,0.04092
7911,ＴＯＰＰＡＮホールディングス,15.898013,1.0033331,0.05499
7912,大日本印刷,16.556072,1.1504033,0.06647
7914,共同印刷,11.834098,0.67535466,0.05762
7915,ＮＩＳＳＨＡ,63.30492,0.54940563,0.03286
7916,光村印刷,10.965159,0.32375786,0.015700001
7917,ＺＡＣＲＯＳ,15.577175,1.0948921,0.08685
7918,ヴィア・ホールディングス,,3.2441442,-0.23806
7919,野崎印刷紙業,7.7209997,0.74396205,0.072069995
7921,ＴＡＫＡＲＡ　＆　ＣＯＭＰＡＮＹ,11.494253,1.560114,0.13819
7922,三光産業,435.15152,0.6292119,0.0028400002
7923,トーイン,8.643334,0.53133476,0.06127
7925,前澤化成工業,16.26054,0.72645813,0.04645
7927,ムトー精工,8.203283,0.69453764,0.088520005
7928,旭化学工業,25.974026,0.33751526,0.013409999
7931,未来工業,11.074293,0.94936866,0.08935001
7932,ニッピ,12.953423,0.85647136,0.063039996
7936,アシックス,33.333332,11.981872,0.38886002
7937,ツツミ,27.701717,0.6911838,0.03867
7938,リーガルコーポレーション,16.638876,0.48442334,0.041100003
7939,研創,10.320659,2.6691802,0.21935
7940,ウェーブロックホールディングス,19.724855,0.53916276,0.0344
7942,ＪＳＰ,11.919103,0.6145714,0.05524
7943,ニチハ,32.896065,0.8941914,0.027460001
7944,ローランド,53.47495,2.7960005,0.049569998
7946,光陽社,26.392405,0.6075033,0.0312
7947,エフピコ,13.333334,1.20229,0.09307
7949,小松ウオール工業,16.693975,1.1860259,0.07935
7951,ヤマハ,31.443432,1.1375173,0.03986
7952,河合楽器製作所,32.894737,0.58629704,0.023729999
7953,菊水化学工業,56.458637,0.48392653,0.02681
7955,クリナップ,13.404472,0.55545866,0.05485
7956,ピジョン,23.641949,2.4426384,0.103649996
7957,フジコピアン,,0.2651329,-0.2915
7962,キングジム,43.85684,0.92950165,0.02155
7963,興研,10.70634,0.68612313,0.06597
7965,象印マホービン,18.484388,1.1968851,0.072670005
7966,リンテック,25.707348,1.3124106,0.05059
7970,信越ポリマー,16.3937,1.3476273,0.08518
7971,東リ,9.746589,0.75531334,0.09086
7972,イトーキ,17.33116,2.8708267,0.17708
7974,任天堂,27.174084,3.3711772,0.14130001
7975,リヒトラブ,58.808685,0.36006522,0.0062
7976,三菱鉛筆,21.785559,0.9718905,0.04777
7979,松風,13.440439,1.340118,0.096920006
7980,重松製作所,11.086114,0.7021843,0.07961
7981,タカラスタンダード,12.88672,0.9005388,
7983,ミロク,,0.3041087,-0.21365999
7984,コクヨ,17.986618,1.5164881,0.08359
7985,ネポン,,0.37754288,-0.08043
7986,日本アイ・エス・ケイ,7.2993774,0.6567807,0.09449001
7987,ナカバヤシ,8.613847,0.54593134,0.053839996
7988,ニフコ,9.328418,1.5417341,0.17174
7989,立川ブラインド工業,16.051374,0.9228007,0.05925
7990,グローブライド,9.041622,0.7510148,
7991,マミヤ・オーピー,5.8513465,0.52015406,0.07782
7992,セーラー万年筆,,3.1098433,-0.18834
7994,オカムラ,11.236005,1.2601376,0.13382
7995,バルカー,18.552814,1.8978117,0.10988
7997,くろがね工作所,4.0371757,0.3402846,0.08448
7999,ＭＵＴＯＨホールディングス,64.10148,1.448139,0.02081
8001,伊藤忠商事,14.814259,2.1841686,0.14241
8002,丸紅,16.978012,2.322646,0.12854
8005,スクロール,15.337493,1.2419382,0.06948
8006,ユアサ・フナショク,12.047828,0.66928554,0.0616
8007,高島,15.502981,1.1882193,0.07454
8008,ヨンドシーホールディングス,22.989332,1.0451581,0.0448
8011,三陽商会,10.277466,1.0086739,0.1026
8012,長瀬産業,20.748476,1.1985742,
8013,ナイガイ,,0.34814742,0.00745
8014,蝶理,11.389522,1.1542475,0.1102
8015,豊田通商,17.921034,2.1879683,0.135
8016,オンワードホールディングス,10.582367,1.1409204,0.11350001
8018,三共生興,80.01737,0.6359979,0.0257
8020,兼松,12.820588,1.8331417,0.15476
8022,美津濃,15.649664,1.5918759,0.11071
8023,ＤＡＩＫＯ　ＸＴＥＣＨ,8.764249,1.0220664,0.12118
8025,ツカモトコーポレーション,,0.32926044,-0.01509
8029,ルックホールディングス,13.105961,0.47910768,0.03768
8030,中央魚類,5.7937517,0.43357033,0.08866999
8031,三井物産,18.382353,1.9665403,0.10781
8032,日本紙パルプ商事,48.308105,0.9593094,0.04701
8035,東京エレクトロン,37.31337,10.060804,0.26457
8037,カメイ,9.425057,0.6156202,0.06904
8039,築地魚市場,21.18688,1.2383835,0.052010003
8040,東京ソワール,15.674256,0.35433745,0.02286
8041,ＯＵＧホールディングス,4.43459,0.5469708,0.13518
8043,スターゼン,5.608564,0.738442,0.14224
8045,横浜丸魚,20.0,0.48140815,0.03464
8046,丸藤シートパイル,10.373832,0.54977864,0.06427
8050,セイコーグループ,31.153093,3.0634236,
8051,山善,15.360907,0.9888139,0.06929
8052,椿本興業,9.8522,1.0468216,0.105229996
8053,住友商事,11.961818,1.5818993,0.12635
8056,ＢＩＰＲＯＧＹ,15.923587,2.8017588,0.19158001
8057,内田洋行,8.403293,1.3633747,0.17313999
8058,三菱商事,28.248716,2.0159616,0.08528
8059,第一実業,11.173372,1.2143345,0.120129995
8060,キヤノンマーケティングジャパン,19.083569,1.8903335,0.10418
8061,西華産業,17.33112,2.0426216,0.13578
8065,佐藤商事,9.532768,0.7613592,0.084180005
8066,三谷商事,10.030048,1.1264297,0.11675
8070,東京産業,10.941261,0.9493215,0.20397
8074,ユアサ商事,11.12347,1.0953124,0.10424
8075,神鋼商事,7.84917,0.6649196,0.084910005
8076,カノークス,9.319876,0.5876372,0.06219
8077,トルク,5.3674445,0.3402572,0.060879998
8078,阪和興業,7.930043,0.81304526,
8079,正栄食品工業,23.255814,1.2354425,0.06632
8081,カナデン,12.406827,1.0497721,0.08357
8084,ＲＹＯＤＥＮ,15.455951,0.83873475,0.05939
8085,ナラサキ産業,9.871567,0.8138513,0.0877
8086,ニプロ,27.32342,1.0337249,0.058119997
8088,岩谷産業,9.755919,1.1253468,0.10373
8089,ナイス,6.9978285,0.41372088,0.07001
8091,ニチモウ,7.2255325,0.62217253,0.09714
8093,極東貿易,6.0241723,0.7554738,0.0675
8095,アステナホールディングス,9.074142,0.720325,0.0854
8097,三愛オブリ,20.746296,1.2805924,0.070700005
8098,稲畑産業,10.869565,0.9426629,0.086660005
8101,ＧＳＩクレオス,12.453374,0.97489715,0.08788
8103,明和産業,8.834162,0.7775671,0.07972
8104,クワザワホールディングス,13.020715,0.5093885,0.0301
8105,Ｂｉｔｃｏｉｎ　Ｊａｐａｎ,,3.6648092,-0.20061001
8107,キムラタン,,7.3686714,-0.06329
8111,ゴールドウイン,13.123124,2.6281793,0.19478
8113,ユニ・チャーム,26.178993,2.1390398,0.080290005
8115,ムーンバット,9.191131,1.1492615,0.09810001
8117,中央自動車工業,11.03733,1.687749,0.16554001
8118,キング,27.026361,0.7642352,0.027309999
8119,三栄コーポレーション,18.655851,0.5321994,0.02735
8123,川辺,5.249284,0.34444913,0.0496
8125,ワキタ,26.52535,0.90714324,0.034590002
8127,ヤマトインターナショナル,84.033615,0.6929831,0.00825
8129,東邦ホールディングス,15.105861,1.0956498,0.09097
8130,サンゲツ,14.285714,1.5563334,0.12467
8131,ミツウロコグループホールディングス,9.22528,1.1513678,0.116960004
8132,シナネンホールディングス,23.14815,1.4076113,0.055120002
8133,伊藤忠エネクス,13.831346,1.2658138,0.08095
8135,ゼット,3.0266345,0.590404,0.066
8136,サンリオ,25.318785,9.089389,
8137,サンワテクノス,20.491543,0.9888674,0.054419998
8138,三京化成,4.798444,0.44164768,0.09854
8139,ナガホリ,71.93992,2.5292478,0.07137
8141,新光商事,53.195286,0.81449383,0.0064
8142,トーホー,9.59709,1.2703716,0.1396
8143,ラピーヌ,,0.64649945,-0.37467
8144,デンキョーグループホールディングス,20.661283,0.3121465,0.01395
8147,トミタ,9.107779,0.50440586,0.05421
8150,三信電気,7.2622056,0.7743356,
8151,東陽テクニカ,32.67738,1.4214339,0.04398
8152,ソマール,4.894767,0.51038057,0.09273
8153,モスフードサービス,30.769798,2.1980608,0.080740005
8154,加賀電子,8.794991,1.1225871,0.16999
8157,都築電気,11.627907,1.4290577,0.14908
8158,ソーダニッカ,11.235462,0.7074745,0.07012
8159,立花エレテック,9.765638,0.6417436,0.064380005
8160,木曽路,17.181984,2.2562733,0.12272
8163,ＳＲＳホールディングス,67.56303,2.8226967,0.06384
8165,千趣会,1.5908821,0.36790547,0.25852
8166,タカキュー,6.4356437,0.31804022,0.099580005
8167,リテールパートナーズ,11.123174,0.6236273,0.05826
8173,上新電機,24.037981,0.72053754,0.036760002
8174,日本瓦斯,23.86579,5.020743,0.2078
8179,ロイヤルホールディングス,25.060827,2.5955698,0.10982
8181,東天紅,4.3234487,0.28597933,-0.01365
8185,チヨダ,142.81609,0.67542267,0.00465
8194,ライフコーポレーション,12.484491,1.5113732,0.12805
8198,マックスバリュ東海,11.02541,1.1647073,0.11058
8200,リンガーハット,33.55846,3.8045588,0.119610004
8202,ラオックスホールディングス,,0.6044707,-0.00433
8203,ＭｒＭａｘＨＤ,8.977189,0.63568205,0.07295
8207,テンアライド,986.2069,3.610792,-0.02836
8209,フレンドリー,,0.1434332,-0.49045
8214,ＡＯＫＩホールディングス,15.649225,0.9802077,0.06336
8217,オークワ,124.92212,0.43894193,0.00379
8218,コメリ,11.792376,0.6617521,0.05702
8219,青山商事,12.952956,0.68194103,0.04654
8225,タカチホ,5.8823533,0.89257795,0.15783
8226,理経,10.515022,1.3671341,0.11368
8227,しまむら,16.638655,1.4304571,0.08986
8230,はせがわ,9.880698,0.47211662,
8233,高島屋,,1.2706559,-0.0143099995
8237,松屋,47.622463,4.0281506,0.080290005
8242,エイチ・ツー・オー　リテイリング,21.50491,0.9365258,0.0866
8244,近鉄百貨店,17.825066,1.4737123,0.08789
8247,大和,,0.31973174,-0.21034999
8252,丸井グループ,18.868158,2.2885938,
8253,クレディセゾン,10.040049,0.8415101,0.078449994
8254,さいか屋,38.461536,1.6175072,0.0446
8255,アクシアル　リテイリング,11.737368,1.1326054,0.10677
8260,井筒屋,5.3650374,0.40895697,0.040700004
8267,イオン,63.298664,3.863665,0.057579998
8273,イズミ,13.209923,0.7713587,0.05633
8275,フォーバル,14.925773,1.6634867,0.07616
8276,平和堂,14.815009,0.7120483,0.04883
8278,フジ,22.989603,0.8273275,0.03674
8281,ゼビオホールディングス,,0.34981382,-0.01811
8282,ケーズホールディングス,25.576164,1.132801,0.043369997
8283,ＰＡＬＴＡＣ,13.054911,0.95093644,
8285,三谷産業,15.950041,0.82636917,0.06532
8289,Ｏｌｙｍｐｉｃグループ,,1.1920979,-0.16436
8291,日産東京販売ホールディングス,9.45247,0.545387,0.04863
8303,ＳＢＩ新生銀行,12.300402,1.2603793,
8304,あおぞら銀行,16.750551,0.7766274,0.0557
8306,三菱ＵＦＪフィナンシャル・グループ,17.035673,1.5227734,0.06113
8308,りそなホールディングス,18.622715,1.5245675,0.09394
8309,三井住友トラストグループ,12.706516,1.1269404,0.09287
8316,三井住友フィナンシャルグループ,14.969915,1.3691641,0.04933
8331,千葉銀行,17.451965,1.2292945,0.07361
8334,群馬銀行,17.30093,1.3838866,0.09689999
8336,武蔵野銀行,16.610855,0.8489718,0.057189997
8337,千葉興業銀行,22.372358,0.66524786,0.051119998
8338,筑波銀行,23.36484,0.48562875,0.07278
8341,七十七銀行,16.666666,1.0924399,0.07525
8343,秋田銀行,13.477214,0.5794193,0.049650002
8344,山形銀行,17.5132,0.57379955,0.03497
8345,岩手銀行,17.035917,0.7278501,0.043390002
8346,東邦銀行,19.22972,0.8291776,0.052059997
8349,東北銀行,16.206636,0.4009424,0.042969998
8354,ふくおかフィナンシャルグループ,16.103138,1.1716601,
8358,スルガ銀行,16.666668,1.2784283,0.08465999
8359,八十二長野銀行,16.806454,0.90394276,0.061079998
8360,山梨中央銀行,19.960354,0.77928793,0.045289997
8361,大垣共立銀行,16.33987,0.8070179,0.055170003
8362,福井銀行,22.882957,0.60795856,0.0477
8364,清水銀行,13.717377,0.37426797,0.03196
8365,富山銀行,12.0050955,0.4032232,0.036849998
8366,滋賀銀行,22.321138,0.95632577,0.04072
8367,南都銀行,16.835634,0.80134785,0.05366
8368,百五銀行,24.329552,0.9078335,0.04005
8370,紀陽銀行,14.025341,1.0851166,0.089379996
8377,ほくほくフィナンシャルグループ,15.290349,1.087875,0.077259995
8381,山陰合同銀行,14.388593,0.92820406,0.06965
8383,鳥取銀行,11.587173,0.31796014,0.03541
8386,百十四銀行,17.390995,0.7645181,0.049289998
8387,四国銀行,17.211704,0.60154825,0.09653
8388,阿波銀行,18.382454,0.6745037,0.04198
8392,大分銀行,20.201643,0.6894102,0.036530003
8393,宮崎銀行,15.40869,0.82031816,0.059439998
8395,佐賀銀行,11.123539,0.73331594,0.06987
8399,琉球銀行,13.735993,0.70533663,0.06126
8410,セブン銀行,17.360308,1.15392,0.04306
8411,みずほフィナンシャルグループ,16.051228,1.4959773,0.09653
8416,高知銀行,999.1228,0.23120269,0.0017299999
8418,山口フィナンシャルグループ,14.40947,0.8556613,0.05954
8424,芙蓉総合リース,14.471664,0.8195171,0.06008
8425,みずほリース,8.912424,0.9753419,0.118240006
8439,東京センチュリー,7.6453714,0.96924525,0.12068
8473,ＳＢＩホールディングス,7.3909917,1.1979895,
8508,Ｊトラスト,8.524772,0.6521279,-0.061880004
8511,日本証券金融,20.160934,1.3666394,0.070650004
8515,アイフル,7.7581778,0.9161528,0.13305001
8518,日本アジア投資,11.210096,0.5065924,-0.08343001
8522,名古屋銀行,17.985826,0.94817036,0.06537
8524,北洋銀行,16.02574,0.9922075,0.069510005
8537,大光銀行,11.520514,0.30773953,0.03246
8541,愛媛銀行,11.627613,0.4955459,0.04987
8542,トマト銀行,18.05082,0.33148676,0.03641
8544,京葉銀行,20.040844,0.84824747,0.04126
8550,栃木銀行,,0.6689635,-0.12127
8551,北日本銀行,10.977044,0.4420452,0.03849
8558,東和銀行,6.7250953,0.46604267,0.06667
8562,福島銀行,,0.542647,0.0077
8563,大東銀行,9.328324,0.42096767,0.043720003
8566,リコーリース,13.946969,0.7913733,0.056739997
8570,イオンフィナンシャルサービス,16.026428,0.7083077,0.06048
8572,アコム,14.243673,1.0921391,0.080240004
8584,ジャックス,8.453059,0.62551606,0.058369998
8585,オリエントコーポレーション,10.438587,0.7131571,0.049250003
8591,オリックス,12.033724,1.2094271,0.106850006
8593,三菱ＨＣキャピタル,15.528611,1.0935265,0.098050006
8595,ジャフコ　グループ,19.083843,0.88553196,0.04634
8596,九州リースサービス,8.810298,0.71982336,0.083179995
8600,トモニホールディングス,14.34683,0.6215863,0.046479996
8601,大和証券グループ本社,14.044582,1.2345808,0.08713
8604,野村ホールディングス,11.299339,1.0717305,0.09928001
8609,岡三証券グループ,16.393738,0.8311725,0.06526
8613,丸三証券,15.674575,1.4458472,0.09097999
8614,東洋証券,18.118195,1.6010994,0.12696
8616,東海東京フィナンシャル・ホールディングス,15.221775,1.0209588,0.07359
8617,光世証券,,0.32613477,-0.00491
8622,水戸証券,19.455782,1.0476099,0.07527
8624,いちよし証券,26.955751,1.705894,0.09239
8628,松井証券,23.253069,2.8088765,
8630,ＳＯＭＰＯホールディングス,12.970049,1.0619984,0.17385
8697,日本取引所グループ,31.0559,6.0944123,0.21275
8698,マネックスグループ,,1.4486314,0.06949
8699,ＨＳホールディングス,2.4467604,0.3668553,0.15496999
8700,丸八証券,13.642927,0.87722385,0.08019
8704,トレイダーズホールディングス,8.452757,1.4988844,0.19684
8705,日産証券グループ,38.751816,1.0722288,-0.01535
8706,極東証券,12.360893,0.9905008,0.07942
8707,岩井コスモホールディングス,10.964975,1.2631776,0.13328
8708,アイザワ証券グループ,19.156683,1.1089557,0.04903
8713,フィデアホールディングス,9.090909,0.42638963,0.0367
8714,池田泉州ホールディングス,19.455414,1.0704043,
8715,アニコム　ホールディングス,46.50538,4.0458374,0.07427
8725,ＭＳ＆ＡＤインシュアランスグループホールディングス,8.41042,1.2983627,0.16309999
8729,ソニーフィナンシャルグループ,0.8497474,1.5441904,
8737,あかつき本社,6.793316,1.0608077,0.19758
8739,スパークス・グループ,13.333333,2.0996053,0.18311001
8742,小林洋行,34.47144,0.62828875,0.018960001
8746,ｕｎｂａｎｋｅｄ,,0.8668668,-0.01006
8747,豊トラスティ証券,7.13265,0.9432151,0.075840004
8750,第一生命ホールディングス,13.192624,1.2984506,0.11201999
8766,東京海上ホールディングス,12.61027,2.4761167,0.20663999
8769,アドバンテッジリスクマネジメント,7.418126,1.8352841,0.26402
8771,イー・ギャランティ,23.095428,3.9130344,0.15803
8772,アサックス,7.283346,0.541763,0.0738
8783,ａｂｃ,,0.66378915,
8789,フィンテック　グローバル,11.900369,2.1529782,0.20818001
8793,ＮＥＣキャピタルソリューション,11.876584,0.7335135,0.04397
8795,Ｔ＆Ｄホールディングス,15.948963,1.1997137,0.07617
8798,アドバンスクリエイト,,12.896623,
8801,三井不動産,15.383932,1.4840865,
8802,三菱地所,28.40981,2.1506033,0.09404001
8803,平和不動産,15.898059,1.3285607,0.09044
8804,東京建物,12.836811,1.2768534,0.10379
8818,京阪神ビルディング,18.974714,1.1477791,0.05906
8830,住友不動産,21.738928,1.7881181,0.09603
8835,太平洋興発,13.49516,0.45905018,0.02493
8836,ＲＩＳＥ,9.45122,1.7727455,0.01605
8841,テーオーシー,60.238808,0.8640644,0.01765
8844,コスモスイニシア,8.474698,0.7630441,0.102110006
8848,レオパレス２１,24.270462,6.398949,0.21846001
8850,スターツコーポレーション,10.427628,1.2837286,0.13301
8860,フジ住宅,5.5834427,0.5061476,0.09658
8864,空港施設,27.029972,0.8216348,0.04753
8869,明和地所,3.7051318,0.5987464,0.15001
8871,ゴールドクレスト,18.552675,0.8428289,0.03848
8876,リログループ,15.314198,3.8203838,0.28939
8877,エスリード,10.287996,1.1972871,0.12656
8881,日神グループホールディングス,8.360771,0.4752461,0.0629
8887,シーラホールディングス,4.791399,0.0113293985,0.10428
8891,ＡＭＧホールディングス,6.7069154,0.58071166,0.12255
8892,エスコン,9.346103,1.3773116,
8894,ＲＥＶＯＬＵＴＩＯＮ,,6.519628,-1.78052
8897,ＭＩＲＡＲＴＨホールディングス,10.775096,0.7144879,0.11354
8898,センチュリー２１・ジャパン,14.948523,1.6881511,0.11687
8904,ＡＶＡＮＴＩＡ,9.041572,0.42798147,0.04783
8908,毎日コムネット,9.066481,1.2409331,0.15411
8912,エリアクエスト,16.080843,1.9499409,0.13098
8914,エリアリンク,15.361403,0.7809439,
8917,ファースト住建,11.6689415,0.40864062,0.085710004
8918,ランド,31.034483,1.5057721,0.04908
8919,カチタス,22.124207,4.8591323,0.25312
8920,東祥,21.882523,0.89081407,0.07016
8923,トーセイ,9.970351,1.535896,0.16478
8927,明豊エンタープライズ,6.4725757,1.4249172,0.24218
8928,穴吹興産,5.184056,0.5756687,0.1166
8929,青山財産ネットワークス,11.668703,2.7448106,0.25699
8931,和田興産,6.0422583,0.45665067,0.07756
8934,サンフロンティア不動産,8.183234,1.243529,0.16320999
8935,ＦＪネクストホールディングス,6.8680587,0.6649448,0.10465
8938,グローム・ホールディングス,,0.4045956,-0.049640004
8944,ランドビジネス,,0.30353466,-0.01603
8945,サンネクスタグループ,35.456596,1.5107028,0.04246
8946,ＡＳＩＡＮ　ＳＴＡＲ,18.27731,0.8794541,0.052199997
8995,誠建設工業,344.375,0.55188495,-0.00301
8996,ハウスフリーダム,5.99872,1.024356,0.18207
8999,グランディハウス,21.976286,0.65247875,0.031040002
9001,東武鉄道,11.441807,0.9428852,
9003,相鉄ホールディングス,13.92786,1.4301153,0.10549
9005,東急,12.179871,1.1928478,
9006,京浜急行電鉄,16.339869,1.1101872,0.06532
9007,小田急電鉄,13.495448,1.140245,0.08952
9008,京王電鉄,11.962588,1.0555965,0.08625
9009,京成電鉄,8.156601,1.0516886,0.09781
9010,富士急行,23.981901,3.1474721,
9012,秩父鉄道,9.90117,0.60920304,0.04417
9017,新潟交通,6.7797184,0.3852544,0.05673
9020,東日本旅客鉄道,16.978277,1.3010327,0.07711
9021,西日本旅客鉄道,10.752573,1.1582483,0.09794
9022,東海旅客鉄道,7.8616943,0.8089842,0.114300005
9023,東京地下鉄,16.050682,1.2790357,0.08906
9024,西武ホールディングス,5.691496,1.9241375,0.42199
9025,鴻池運輸,12.706264,1.0331069,0.088240005
9028,ゼロ,9.041545,1.3397702,0.15629
9029,ヒガシホールディングス,10.41655,1.5828326,0.17948
9031,西日本鉄道,8.50329,0.87373513,0.12707
9033,広島電鉄,11.123091,0.44244057,0.04487
9034,南総通運,11.668805,0.644808,0.058179997
9036,東部ネットワーク,18.049824,0.31366456,0.013250001
9037,ハマキョウレックス,14.20428,1.420652,0.10326
9039,サカイ引越センター,13.86983,1.2215556,0.08957
9041,近鉄グループホールディングス,13.227761,1.0999433,0.08518
9042,阪急阪神ホールディングス,16.286392,1.0501682,0.06611
9044,南海電気鉄道,14.471712,1.0237843,0.07684
9045,京阪ホールディングス,11.848188,1.0126815,0.09205
9046,神戸電鉄,15.384616,0.77007854,0.05291
9048,名古屋鉄道,14.36791,0.7159499,
9049,京福電気鉄道,7.993579,1.0402255,0.1437
9051,センコン物流,17.122442,1.0119748,0.04241
9052,山陽電気鉄道,10.638185,0.7296301,0.0692
9057,遠州トラック,10.787417,1.0339072,0.095410004
9059,カンダホールディングス,8.045237,0.6772912,0.09033
9060,日本ロジテム,7.4460287,0.38946518,0.04765
9063,岡山県貨物運送,7.5699897,0.33396515,0.097950004
9064,ヤマトホールディングス,17.27043,0.99925154,0.057930004
9065,山九,14.992615,1.5426317,0.1117
9067,丸運,24.036745,1.0338821,0.03983
9068,丸全昭和運輸,15.92344,1.1212091,0.073709995
9069,センコーグループホールディングス,19.231161,1.4493365,0.08021
9072,ニッコンホールディングス,39.525913,2.4422517,0.06682
9073,京極運輸商事,18.937998,0.7653463,0.04328
9074,日本石油輸送,11.709709,0.60109603,0.0543
9075,福山通運,32.46674,0.6824105,0.04626
9076,セイノーホールディングス,17.92125,0.9047412,0.05736
9081,神奈川中央交通,13.793104,0.6857411,0.0533
9082,大和自動車交通,19.724703,0.63181627,0.02625
9083,神姫バス,8.298874,0.47598013,0.0617
9087,タカセ,20.366133,0.5086515,0.025969999
9090,ＡＺ－ＣＯＭ丸和ホールディングス,14.793883,1.9370438,0.13272999
9101,日本郵船,8.417564,0.86810106,0.079840004
9104,商船三井,7.541462,0.80135983,0.08866
9107,川崎汽船,8.857324,0.96626866,0.07177
9110,ＮＳユナイテッド海運,8.474576,0.9693275,0.13108
9115,明海グループ,8.672863,0.81340885,0.13999
9119,飯野海運,11.65492,1.233889,
9127,玉井商船,3.1007578,0.5635269,0.029240001
9130,共栄タンカー,20.448965,0.5335585,0.02655
9142,九州旅客鉄道,13.333096,1.1842622,
9143,ＳＧホールディングス,16.666666,1.7007301,
9145,ビーイングホールディングス,11.338258,1.9542354,0.19544001
9147,ＮＩＰＰＯＮ　ＥＸＰＲＥＳＳホールディングス,357.1959,1.1246016,0.00485
9158,シーユーシー,17.123056,0.94017583,0.05505
9159,Ｗ　ＴＯＫＹＯ,42.016808,3.6965902,0.089329995
9160,ノバレーゼ,11.709337,0.77142507,0.13254
9162,ブリーチ,33.333332,0.69951516,0.02106
9163,ナレルグループ,10.020217,1.4401529,0.13825
9165,クオルテック,13.004123,1.0255185,0.08093
9166,ＧＥＮＤＡ,31.15294,1.8761886,0.0769
9168,ライズ・コンサルティング・グループ,8.569704,1.4411561,0.18451001
9171,栗林商船,8.42457,0.69447315,0.11833
9173,東海汽船,17.824791,1.2443799,0.06461
9193,東京汽船,5.773672,0.46045798,0.01737
9201,日本航空,9.033315,0.8970518,0.12172
9202,ＡＮＡホールディングス,9.940449,0.9132763,0.12322
9204,スカイマーク,6.4766836,0.73891884,0.01538
9206,スターフライヤー,6.4434004,1.578421,-0.03936
9211,エフ・コード,14.184146,2.5832138,0.234
9212,Ｇｒｅｅｎ　Ｅａｒｔｈ　Ｉｎｓｔｉｔｕｔｅ,33.45164,2.1620445,0.06418
9213,セイファート,,1.5393344,-0.18624
9214,Ｒｅｃｏｖｅｒｙ　Ｉｎｔｅｒｎａｔｉｏｎａｌ,15.0599165,2.3987124,0.17139
9215,ＣａＳｙ,35.584312,6.048027,
9216,ビーウィズ,196.06218,3.1688235,0.02693
9218,メンタルヘルステクノロジーズ,31.546135,5.063511,0.17762
9219,ギックス,,2.9869838,-0.051030003
9220,エフビー介護サービス,6.8398995,0.7746399,0.13018
9221,フルハシＥＰＯ,15.083049,2.4407356,0.16677
9223,ＡＳＮＯＶＡ,,1.8426418,-0.05192
9225,ブリッジコンサルティンググループ,16.232817,1.7330427,
9227,マイクロ波化学,,15.804919,
9229,サンウェルズ,,1.2291744,-0.35744
9233,アジア航測,12.165572,1.0267876,0.095819995
9235,売れるネット広告社グループ,,6.6711216,
9236,ジャパンＭ＆Ａソリューション,,2.855759,-0.06349
9237,笑美面,34.848484,3.7892215,
9238,バリュークリエーション,8.606431,2.0657208,0.30558002
9240,デリバリーコンサルティング,15.458458,1.8516903,0.12965
9241,フューチャーリンクネットワーク,24.270777,3.9996011,0.17785999
9242,メディア総研,11.547494,1.3316778,0.12309
9244,デジタリフト,13.641787,1.9248325,0.23753001
9245,リベロ,22.02643,3.992024,0.21638
9246,プロジェクトホールディングス,44.637558,2.480133,0.055999998
9247,ＴＲＥホールディングス,5.086531,0.99084026,0.17698
9248,人・夢・技術グループ,9.074451,0.6691511,0.12982
9249,日本エコシステム,44.437958,2.3327065,0.029849999
9250,ＧＲＣＳ,,-43.422527,-3.2755802
9251,ＡＢ＆Ｃｏｍｐａｎｙ,19.418716,2.0549462,0.1158
9252,ラストワンマイル,10.449392,2.0304422,0.21556999
9253,スローガン,10.941581,1.2343516,0.12054
9254,ラバブルマーケティンググループ,10.989115,1.9443067,0.20721
9256,サクシード,11.668373,1.1043316,0.08513
9258,ＣＳ－Ｃ,,1.0266308,-0.04519
9259,タカヨシホールディングス,13.351005,1.5800996,
9262,シルバーライフ,11.847692,1.3087401,0.11578
9264,ポエック,25.973228,1.8106323,0.11918
9265,ヤマシタヘルスケアホールディングス,21.008656,0.9803682,0.06763
9267,Ｇｅｎｋｙ　ＤｒｕｇＳｔｏｒｅｓ,15.748031,2.1361399,0.14554
9268,オプティマスグループ,,1.2541314,-0.03155
9270,バリュエンスホールディングス,13.2980585,4.104315,0.31125
9271,和心,10.492793,4.829775,0.77074
9272,ブティックス,126.614174,7.070618,0.06237
9273,コーア商事ホールディングス,9.624198,1.1972361,0.13093
9274,ＫＰＰグループホールディングス,9.284627,0.7241033,0.07832
9278,ブックオフグループホールディングス,20.747683,1.840134,0.118549995
9279,ギフトホールディングス,41.152264,8.089757,0.25913998
9301,三菱倉庫,10.471243,1.3195745,0.13803001
9302,三井倉庫ホールディングス,99.0099,2.3720865,0.09912
9303,住友倉庫,13.79298,0.99863386,0.078
9304,澁澤倉庫,13.773507,1.1368773,0.10544
9305,ヤマタネ,14.450908,0.7550968,0.07777
9306,東陽倉庫,9.363479,0.5654115,0.05862
9307,杉村倉庫,19.722872,1.0292655,0.05682
9308,乾汽船,22.884644,1.0972729,0.03592
9310,日本トランスシティ,13.020565,0.8151546,0.06649
9311,アサガミ,7.390963,0.49941844,0.07244
9312,ケイヒン,7.980846,0.5986555,0.07975
9313,丸八倉庫,20.159756,0.47751555,0.02461
9319,中央倉庫,21.55207,0.8112688,0.03846
9322,川西倉庫,24.87557,0.8545496,0.0279
9324,安田倉庫,21.231943,0.6623436,0.03936
9325,ファイズホールディングス,14.991742,2.9393377,0.04967
9326,関通,21.981892,2.0809226,0.09508
9327,イー・ロジット,,-0.80693823,-32.88
9330,揚羽,,,
9331,キャスター,,1.9947132,
9332,ＮＩＳＳＯホールディングス,13.054394,1.2032789,0.094689995
9336,大栄環境,26.809269,3.6052759,0.13921
9337,トリドリ,14.640734,3.4151936,0.29455
9338,ＩＮＦＯＲＩＣＨ,26.10951,5.809197,0.26838
9339,コーチ・エィ,29.585518,0.9236234,0.031400003
9340,アソインターナショナル,14.51443,2.2936773,0.16773
9341,ＧＥＮＯＶＡ,17.449665,1.4938315,0.05461
9342,スマサポ,18.691936,4.267359,0.19517
9343,アイビス,16.258505,4.5562863,
9344,アクシスコンサルティング,32.46479,1.4534655,0.17247999
9345,ビズメイツ,10.525441,1.0775715,0.10759
9346,ココルポート,10.330398,2.0270305,0.21168
9347,日本管財ホールディングス,15.26679,1.5211126,0.12767
9348,ｉｓｐａｃｅ,,4.304136,-1.00905
9351,東洋埠頭,10.846047,0.4763724,0.05207
9353,櫻島埠頭,10.019989,0.44755325,0.04163
9355,リンコーコーポレーション,7.5758634,0.29952928,0.03812
9360,鈴与シンワート,7.6628256,1.7865413,0.22219999
9361,伏木海陸運送,7.800228,0.4843891,0.06604
9362,兵機海運,14.144271,0.92046654,0.08988
9363,大運,9.327872,1.795596,0.046469998
9364,上組,18.867723,1.3616706,0.075729996
9365,トレーディア,5.9347405,0.4247001,0.07446
9366,サンリツ,10.787239,0.4527884,0.037750002
9367,大東港運,25.575167,1.8213105,0.078150004
9368,キムラユニティー,10.823041,0.86888134,0.09
9369,キユーソー流通システム,28.16994,1.6168545,0.057729997
9376,ユーラシア旅行社,27.702265,1.803894,0.07482
9380,東海運,22.83286,0.6323017,0.02829
9381,エーアイテイー,16.69501,2.5883632,0.16329001
9385,ショーエイコーポレーション,4.1493287,1.1146903,0.17343001
9401,ＴＢＳホールディングス,16.556347,0.81839,0.051820002
9404,日本テレビホールディングス,14.2652645,0.77801746,0.06258
9405,朝日放送グループホールディングス,6.381436,0.45529827,0.064899996
9408,ＢＳＮメディアホールディングス,14.513856,0.6412793,0.05894
9409,テレビ朝日ホールディングス,10.660981,0.7461954,0.07478
9412,スカパーＪＳＡＴホールディングス,45.047455,3.254743,0.07934
9413,テレビ東京ホールディングス,12.077294,1.0347456,0.092089996
9414,日本ＢＳ放送,14.534064,0.68526983,0.11429
9416,ビジョン,12.869565,2.737566,0.23059
9417,スマートバリュー,7.54675,2.0350337,0.16413
9418,Ｕ－ＮＥＸＴ　ＨＯＬＤＩＮＧＳ,15.999617,2.8588586,0.18155001
9419,ワイヤレスゲート,11.468423,2.0192099,
9421,エヌジェイホールディングス,58.808064,2.2017686,0.04563
9423,フォーバル・リアルストレート,40.310078,3.7812681,0.15722
9424,日本通信,20.79365,4.802581,0.23091999
9425,ＲｅＹｕｕ　Ｊａｐａｎ,,1.1504842,0.02533
9428,クロップス,15.105309,1.0166346,0.13095
9432,ＮＴＴ,12.251392,1.323331,0.10722999
9433,ＫＤＤＩ,14.347032,2.0016644,0.13715
9434,ソフトバンク,19.92007,3.7500837,0.17556
9435,光通信,12.594459,1.5515648,0.12522
9436,沖縄セルラー電話,25.000002,3.2606213,0.13567
9438,エムティーアイ,10.060134,1.855549,0.1683
9439,エム・エイチ・グループ,,5.5259695,-0.052529998
9441,ベルパーク,11.876259,1.4193778,0.13509
9444,トーシンホールディングス,9.336543,0.8077918,-0.087749995
9445,フォーバルテレコム,10.184005,2.5425038,0.27481002
9446,サカイホールディングス,6.587615,1.1309695,0.21665001
9449,ＧＭＯインターネットグループ,20.78944,2.9500306,0.17083
9450,ファイバーゲート,11.480553,2.166642,0.19338
9466,アイドママーケティングコミュニケーション,6.6178546,0.92466897,0.1116
9467,アルファポリス,16.20757,2.2609594,0.15953
9468,ＫＡＤＯＫＡＷＡ,88.49937,2.0728664,0.018919999
9470,学研ホールディングス,11.779156,0.8112874,0.07814
9474,ゼンリン,17.606012,1.0931269,0.053460002
9475,昭文社ホールディングス,40.48,0.69636637,0.01887
9476,中央経済社ホールディングス,15.480512,0.88159645,0.06604
9478,ＳＥホールディングス・アンド・インキュベーションズ,19.26897,0.6944634,0.055910002
9501,東京電力ホールディングス,,0.3231595,-0.21519
9502,中部電力,9.861917,0.7262111,0.082279995
9503,関西電力,6.4349303,0.82491326,0.12425
9504,中国電力,3.1387591,0.46127108,0.12566
9505,北陸電力,3.20098,0.4990832,0.1751
9506,東北電力,3.5842512,0.53801405,0.16431999
9507,四国電力,4.8053446,0.7894253,0.15419
9508,九州電力,4.918889,0.749842,0.16837999
9509,北海道電力,3.7565794,0.4818272,0.1401
9511,沖縄電力,9.398462,0.4246418,0.04932
9513,電源開発,6.644524,0.50125176,0.07379
9514,エフオン,13.833701,0.42358467,0.03095
9517,イーレックス,37.45098,1.0988051,0.013459999
9519,レノバ,15.313327,0.8377514,0.0554
9531,東京瓦斯,13.351099,1.4575868,0.12126
9532,大阪瓦斯,13.642638,1.368723,0.1079
9533,東邦瓦斯,18.115139,1.0483205,0.06061
9534,北海道瓦斯,6.7890596,0.87512976,0.14298001
9535,広島ガス,12.953368,0.39910322,0.0355
9536,西部ガスホールディングス,10.706771,0.85148746,0.098120004
9537,北陸瓦斯,8.333334,0.48812428,0.06021
9539,京葉瓦斯,12.706518,0.4036134,0.03341
9543,静岡ガス,10.787697,0.825154,0.08061
9551,メタウォーター,16.233624,2.0188007,0.13234
9552,クオンツ総研ホールディングス,14.72735,6.703736,0.32084998
9553,マイクロアド,114.971756,5.7631993,0.14084
9554,ＡＶｉＣ,17.270489,3.768526,0.27014
9556,ＩＮＴＬＯＯＰ,36.10052,2.9572947,0.22976999
9557,エアークローゼット,,6.42836,-0.71291
9558,ジャパニアス,11.428572,2.5665448,0.24798
9560,プログリット,14.185191,4.6415973,0.32648
9561,グラッドキューブ,,5.3325815,-0.04223
9562,ビジネスコーチ,19.528896,1.9226102,0.05874
9563,Ａｔｌａｓ　Ｔｅｃｈｎｏｌｏｇｉｅｓ,95.37954,1.2804097,0.01321
9564,ＦＣＥ,17.061947,2.7373142,0.19768
9565,ＧＬＯＥ,525.9259,3.849344,0.0462
9600,アイネット,6.218284e-06,1.9091022,0.12946999
9601,松竹,26.738108,1.2929794,0.05207
9602,東宝,23.982012,2.392165,0.10328
9603,エイチ・アイ・エス,17.420994,1.359381,0.081920005
9605,東映,18.018017,1.2725236,0.0994
9610,ウィルソン・ラーニング　ワールドワイド,,1.6970112,-0.21466999
9612,ラックランド,7.52438,1.3240418,0.18958001
9616,共立メンテナンス,14.684622,1.65802,0.13972999
9619,イチネンホールディングス,7.1225634,0.7336842,0.106639996
9621,建設技術研究所,14.084507,1.251869,0.09349
9622,スペース,10.111191,1.0948815,0.07729
9625,セレスポ,,0.59054774,-0.0129700005
9627,アインホールディングス,20.08055,1.405735,0.08336
9628,燦ホールディングス,6.1275477,0.7556238,0.12838
9629,ピー・シー・エー,21.322502,1.8042555,0.08145001
9632,スバル興業,13.440658,1.2454628,0.06677
9633,東京テアトル,8.064599,0.64405406,0.08191
9635,武蔵野興業,7.173577,0.67724913,0.09283
9636,きんえい,70.420166,6.1544156,0.03912
9639,三協フロンテア,9.407378,0.95531964,0.10864
9640,セゾンテクノロジー,24.631578,2.826104,0.07961
9644,タナベコンサルティンググループ,21.830986,2.199097,0.05954
9647,協和コンサルタンツ,8.01279,1.0639944,0.14119
9651,日本プロセス,11.376655,1.5777262,0.09847999
9656,グリーンランドリゾート,13.038861,0.60208476,0.04701
9658,ビジネスブレイン太田昭和,11.7501545,1.0398868,0.08550999
9661,歌舞伎座,192.27469,4.5333757,0.02507
9663,ナガワ,21.459566,1.4196461,0.05587
9672,東京都競馬,14.947836,1.6101378,0.112749994
9678,カナモト,14.513973,1.0499285,0.07856
9679,ホウライ,17.604982,1.2550287,0.06545
9682,ＤＴＳ,15.576411,2.9630263,0.19943
9684,スクウェア・エニックス・ホールディングス,42.01554,2.7942388,0.07472
9685,ＫＹＣＯＭホールディングス,6.5920267,0.6294354,0.10582
9686,東洋テック,7.849224,0.7099314,0.107480004
9687,ＫＳＫ,10.25641,1.47213,0.13758999
9691,両毛システムズ,6.9978757,0.92147094,0.15145001
9692,シーイーシー,12.345978,1.4974458,0.12532
9697,カプコン,25.31567,6.132939,
9698,クレオ,11.820801,1.2461882,0.108430006
9699,ニシオホールディングス,9.93051,0.86661273,0.08562
9701,東京會舘,16.863094,2.0275588,-0.04704
9702,アイ・エス・ビー,16.694584,1.6521175,0.10241
9704,アゴーラ　ホスピタリティー　グループ,8.713693,1.9745193,0.19904
9706,日本空港ビルデング,16.583704,2.378726,0.21711001
9708,帝国ホテル,59.17603,3.5613036,0.06631
9709,ＮＣＳ＆Ａ,10.31963,1.8272958,0.20321
9713,ロイヤルホテル,6.4556437,0.5795855,0.073920004
9715,トランス・コスモス,11.750983,1.230638,0.11767
9716,乃村工藝社,14.837448,2.183799,0.15706
9719,ＳＣＳＫ,8.31579e-07,5.6045074,0.20597
9720,ホテル、ニューグランド,33.557835,1.8176045,0.0644
9722,藤田観光,14.556305,3.6519456,0.29749
9723,京都ホテル,10.810362,3.5094907,-0.021710001
9726,ＫＮＴ－ＣＴホールディングス,6.506083,0.867236,0.1532
9729,トーカイ,19.920233,1.0434091,0.06533
9731,白洋舎,6.1125126,1.0222774,0.18496001
9733,ナガセ,19.120161,1.7959062,0.108789995
9735,セコム,23.47405,1.9435358,0.08574
9739,ＮＳＷ,11.111111,1.0404581,0.08547
9740,セントラル警備保障,16.1816,0.95881236,0.06655
9742,アイネス,33.445568,1.149564,0.02572
9743,丹青社,11.820759,1.8857471,0.16874
9744,メイテックグループホールディングス,17.451645,5.5553913,0.31326
9746,ＴＫＣ,16.102888,1.7359147,0.14152999
9753,アイエックス・ナレッジ,8.688355,1.1448567,0.145
9755,応用地質,15.082678,0.8349523,0.05429
9757,船井総研ホールディングス,16.666666,4.101946,0.25729
9759,ＮＳＤ,17.92117,3.1864467,0.19198999
9760,進学会ホールディングス,,0.30553323,-0.12769
9761,東海リース,6.489212,0.47590187,0.07632
9763,丸建リース,8.795337,0.7296505,0.07667
9765,オオバ,14.8811655,1.4463582,0.111940004
9766,コナミグループ,33.003094,5.2828975,0.16981001
9767,日建工学,11.111112,0.62590563,0.06688
9768,いであ,11.441682,0.88684857,0.08012
9769,学究社,14.880915,3.2435734,0.23784
9776,札幌臨床検査センター,,,
9778,昴,81.30082,0.9691264,0.00853
9780,ハリマビステム,10.763889,0.90950125,0.10323
9782,ディーエムエス,20.367111,1.3085965,0.07442
9788,ナック,14.535368,0.9819538,0.049310002
9790,福井コンピュータホールディングス,18.76193,2.4547896,0.1379
9791,ビケンテクノ,8.189864,0.45441476,0.059070002
9793,ダイセキ,22.123894,2.4728806,0.11163
9795,ステップ,14.244613,1.3759816,0.09972
9799,旭情報サービス,12.820513,1.3515358,0.10358
9812,テーオーホールディングス,,7.15772,-0.42562
9816,ストライダーズ,17.601759,1.0492078,0.053629998
9818,大丸エナウィン,16.076736,0.8893841,0.06506
9820,エムティジェネックス,15.105615,0.91234475,0.07402
9823,マミーマートホールディングス,12.033946,1.4495068,0.13215
9824,泉州電業,16.233934,1.8203101,0.111090004
9827,リリカラ,15.359246,0.98887366,0.06336
9828,Ｇｅｎｋｉ　Ｇｌｏｂａｌ　Ｄｉｎｉｎｇ　Ｃｏｎｃｅｐｔｓ,11.273912,2.6383576,0.26961002
9830,トラスコ中山,9.699511,0.8273922,0.08101
9831,ヤマダホールディングス,13.887317,0.558234,0.03819
9832,オートバックスセブン,12.391185,0.9052709,0.06841
9835,ジュンテンドー,,0.37834272,0.00885
9837,モリト,17.271914,1.2048478,0.07406
9842,アークランズ,14.992654,0.95394355,0.06511
9843,ニトリホールディングス,18.083733,1.4642959,0.083950005
9845,パーカーコーポレーション,9.017018,0.7347159,0.08737001
9846,天満屋ストア,8.244002,0.40175796,0.050029997
9849,共同紙販ホールディングス,232.55814,0.7791536,0.0018000001
9850,グルメ杵屋,65.7754,2.3449173,0.03381
9853,銀座ルノアール,232.82442,1.7213613,0.0171
9854,愛眼,22.11704,0.40345624,0.018760001
9856,ケーユーホールディングス,6.96374,0.5526163,0.085200004
9857,英和,8.928513,0.94232535,0.11726
9861,吉野家ホールディングス,46.084545,3.260085,0.071040004
9867,ソレキア,6.341162,0.68716204,0.14054
9869,加藤産業,15.384615,1.1371771,0.083809994
9872,北恵,14.904008,0.6756488,0.06053
9876,コックス,6.4817214,0.65515345,0.10981
9878,セキド,,1.3601583,-0.2789
9880,イノテック,28.408056,1.4609292,0.06813
9882,イエローハット,12.062437,1.0852071,0.09849
9885,シャルレ,,0.3885262,-0.23035999
9887,松屋フーズホールディングス,40.0,2.2258928,0.07067
9888,ＵＥＸ,10.881295,0.43192354,0.03338
9889,ＪＢＣＣホールディングス,16.949371,3.2028382,0.20815
9890,マキヤ,7.7942224,0.5506842,0.06448
9895,コンセック,,0.27587435,-0.01714
9896,ＪＫホールディングス,9.765335,0.60368073,0.05939
9900,サガミホールディングス,34.84084,2.8191886,0.080290005
9902,日伝,14.244815,0.8063604,0.05495
9903,カンセキ,21.183952,0.57641184,-0.063140005
9904,ベリテ,22.826088,1.3623093,-0.02575
9906,藤井産業,6.6799974,0.8207892,0.13377
9908,日本電計,9.372007,0.9008491,0.109280005
9913,日邦産業,24.875145,2.0880854,0.09494001
9914,植松商会,25.44411,0.6511846,0.03059
9927,ワットマン,26.884422,2.3026268,0.08199
9928,ミロク情報サービス,11.160577,1.701586,0.15952
9929,平和紙業,56.212303,0.42886972,0.00764
9930,北沢産業,12.722646,0.578764,0.03273
9932,杉本商事,13.423377,0.67654043,0.04902
9934,因幡電機産業,14.793284,1.6395072,0.12299
9936,王将フードサービス,20.66144,2.5637488,0.121199995
9941,太洋物産,17.123846,2.3327832,0.16691999
9946,ミニストップ,,2.0710516,-0.19303
9948,アークス,15.77287,0.99149215,0.06547
9950,ハチバン,99.99999,2.633641,0.00954
9955,ヨンキュウ,10.341421,0.86189675,0.09362
9956,バローホールディングス,13.262369,1.103401,
9959,アシードホールディングス,13.123515,1.417714,0.10876001
9960,東テク,13.157895,2.2495124,0.19673
9962,ミスミグループ本社,25.9748,2.2350078,0.08724
9969,ショクブン,48.780487,1.5274074,0.03146
9972,アルテック,,0.4315376,-0.20365
9973,ＫＯＺＯホールディングス,,20.488573,-2.60571
9974,ベルク,12.391534,1.3553401,0.11003
9976,セキチュー,12.224797,0.53582186,-0.00037999998
9978,文教堂グループホールディングス,,1.85592,-0.14503
9979,大庄,27.547932,1.9950855,0.07408
9980,ＭＲＫホールディングス,21.503132,0.6597362,0.08796
9982,タキヒヨー,14.858681,0.72480536,0.051420003
9983,ファーストリテイリング,47.619045,8.631274,0.20616
9984,ソフトバンクグループ,8.4602585,1.6702862,0.26023
9986,蔵王産業,19.801907,1.288249,0.07355
9987,スズケン,14.084373,1.0041164,
9989,サンドラッグ,14.104263,1.6073912,0.11504
9990,サックスバー　ホールディングス,10.267379,0.74423146,0.07119
9991,ジェコス,10.224651,0.8266536,0.08766
9993,ヤマザワ,,0.47826797,-0.01509
9994,やまや,8.453121,0.64776963,0.09191
9996,サトー商会,14.184036,0.6893299,0.04843
9997,ベルーナ,8.673315,0.56313115,0.0777
25935,伊藤園第１種優先株式,15.480078,1.2749424,0.01713
50765,インフロニア・ホールディングス第１回社債型種類株式,,2.0280068,0.113809995
75505,ゼンショーホールディングス第１回社債型種類株式,,2.3957639,0.14186
92025,ＡＮＡホールディングス第１回社債型種類株式,,1.5546093,0.12322
94345,ソフトバンク第１回社債型種類株式,,63.19802,0.17556
94346,ソフトバンク第２回社債型種類株式,,126.864174,0.17556
130A,Ｖｅｒｉｔａｓ　Ｉｎ　Ｓｉｌｉｃｏ,,1.8000785,-0.21319
135A,ＶＲＡＩＮ　Ｓｏｌｕｔｉｏｎ,55.247746,24.179523,
137A,Ｃｏｃｏｌｉｖｅ,11.847879,5.9574885,
138A,光フードサービス,30.121065,2.3548741,0.080129996
141A,トライアルホールディングス,56.494663,4.232108,0.079780005
142A,ジンジブ,8.841891,4.8671355,-0.32996
143A,イシン,10.48218,1.2099584,0.01154
145A,Ｌ　ｉｓ　Ｂ,29.678848,2.23083,0.07762
146A,コロンビア・ワークス,7.987188,1.7544767,0.23454
147A,ソラコム,91.716995,4.360042,0.09277
148A,ハッチ・ワーク,14.814515,3.4223876,0.27366
149A,シンカ,67.56549,2.6845186,0.04241
150A,ＪＳＨ,,1.1661009,
151A,ダイブ,11.587673,2.0844815,0.19674
153A,カウリス,35.845974,6.278511,0.23095
155A,情報戦略テクノロジー,30.02853,4.956732,
156A,マテリアルグループ,13.699269,3.9455945,0.29511
157A,グリーンモンスター,,2.4644823,-0.0139999995
160A,アズパートナーズ,6.8445406,1.5105824,0.25823
166A,タスキホールディングス,9.107889,1.7413589,
167A,リョーサン菱洋ホールディングス,14.947838,0.8203788,
168A,イタミアート,4.2753386,1.4356332,0.11935
173A,ハンモック,10.438578,2.052354,0.23284
175A,Ｗｉｌｌ　Ｓｍａｒｔ,,340.85336,-2.01456
177A,コージンバイオ,9.633612,1.176808,0.09787
184A,学びエイド,,3.247468,0.74958
186A,アストロスケールホールディングス,,17.5169,-1.02823
189A,Ｄ＆Ｍカンパニー,10.224755,0.98058164,0.10366
190A,Ｃｈｏｒｄｉａ　Ｔｈｅｒａｐｅｕｔｉｃｓ,,4.522581,-0.519
192A,インテグループ,,1.9446605,
194A,ＷＯＬＶＥＳ　ＨＡＮＤ,20.040356,4.658247,
195A,ＭＵＳＣＡＴ　ＧＲＯＵＰ,,2.8156734,-0.10632
196A,ＭＦＳ,40.0,1.279867,
197A,タウンズ,14.556042,2.9238567,
198A,ＰｏｓｔＰｒｉｍｅ,,2.4172487,-0.23969999
202A,豆蔵,36.363636,17.579493,
205A,ロゴスホールディングス,17.543243,2.4166744,0.2168
206A,ＰＲＩＳＭ　ＢｉｏＬａｂ,,2.9368577,-0.32137
208A,構造計画研究所ホールディングス,13.1576605,3.1001325,
211A,カドス・コーポレーション,,0.9396842,0.15554
212A,フィットイージー,26.737452,6.9090896,0.36915
215A,タイミー,69.45761,8.292729,0.41149
218A,Ｌｉｂｅｒａｗａｒｅ,,46.621857,
219A,Ｈｅａｒｔｓｅｅｄ,232.48793,5.802317,0.083500005
220A,Ｆａｂｅｒ　Ｃｏｍｐａｎｙ,10.661003,1.2069603,0.10208
228A,オプロ,14.388916,2.441859,0.20253
241A,ＲＯＸＸ,3.6524196,2.303429,0.76888
244A,グロースエクスパートナーズ,8.396287,1.0752014,
245A,ＩＮＧＳ,18.148306,3.042078,
246A,アスア,22.521503,2.6174705,
247A,Ａｉロボティクス,59.874153,15.319454,
248A,キッズスター,16.806862,1.1206028,0.06959
250A,シマダヤ,10.917192,1.3614705,
253A,ＥＴＳグループ,17.005875,2.260989,0.15784
254A,ＡＩフュージョンキャピタルグループ,12.468377,2.1590884,-0.030940002
255A,ジーエルテクノホールディングス,12.690355,1.229239,
256A,飛島ホールディングス,10.449143,0.73714113,0.09454001
261A,日水コン,15.197904,1.7400874,0.12052
262A,インターメスティック,16.25973,2.511405,0.16805
264A,Ｓｃｈｏｏ,32.26766,2.8889039,0.13997
265A,Ｈｍｃｏｍｍ,151.47392,1.5807807,
268A,リガク・ホールディングス,46.945793,5.9359093,0.134
269A,Ｓａｐｅｅｔ,53.47653,6.887327,0.27011
274A,ガーデン,27.93427,2.054306,
276A,ククレブ・アドバイザーズ,104.16005,3.6663694,
277A,グロービング,34.600414,10.359333,
278A,Ｔｅｒｒａ　Ｄｒｏｎｅ,,12.493637,-0.43367
280A,ＴＭＨ,21.785889,3.6626625,0.22567
281A,インフォメティス,,6.778012,-0.77569
285A,キオクシアホールディングス,106.38371,16.98782,0.19680001
286A,ユカリア,11.793068,1.5759933,0.14138
287A,黒田グループ,14.903403,1.0479344,
288A,ラクサス・テクノロジーズ,16.480448,1.0015702,0.67928004
290A,Ｓｙｎｓｐｅｃｔｉｖｅ,,4.6229873,-0.01265
291A,リスキル,10.070423,2.9886076,
296A,令和アカウンティング・ホールディングス,26.668839,14.928366,
297A,アルピコホールディングス,7.639792,1.020807,
298A,ＧＶＡ　ＴＥＣＨ,,6.031382,-0.70084
299A,クラシル,21.882952,3.1984851,
300A,ＭＩＣ,21.833357,,
302A,ビースタイルホールディングス,13.440861,1.3371218,
303A,ｖｉｓｕｍｏ,21.931973,2.2924168,
304A,フォルシア,51.80784,1.2807379,
319A,技術承継機構,38.46154,13.196122,0.46791
323A,フライヤー,113.57703,4.8596835,0.04887
324A,ブッキングリゾート,17.420662,2.7384827,
325A,ＴＥＮＴＩＡＬ,27.398115,5.8480153,
330A,ＴａｌｅｎｔＸ,10.183066,4.4389977,
331A,メディックス,4.454487,1.124006,
332A,ミーク,22.935919,2.917896,
334A,ビジュアル・プロセッシング・ジャパン,16.949306,2.4181342,0.1703
335A,ミライロ,53.188774,5.174981,
336A,ダイナミックマッププラットフォーム,,2.6969678,
338A,ＺｅｎｍｕＴｅｃｈ,50.247932,5.080486,0.29496
339A,プログレス・テクノロジーズ　グループ,7.4405537,1.4705616,0.24420999
340A,ジグザグ,13.439716,2.3491786,0.35971
341A,トヨコー,54.34952,10.170117,
343A,ＩＡＣＥトラベル,13.368721,1.5618702,
350A,デジタルグリッド,17.239916,,
352A,ＬＯＩＶＥ,55.252098,3.0229363,
365A,伊澤タオル,10.2038,1.8261306,0.14762
366A,ウェルネス・コミュニケーションズ,13.9852495,1.1210039,
367A,プリモグローバルホールディングス,11.389503,1.1706505,
368A,北里コーポレーション,13.736377,2.7509525,
369A,エータイ,28.012213,3.4045563,
372A,レント,7.745955,1.0923034,
373A,リップス,7.9682064,1.0751369,
378A,ヒット,16.892464,3.1757655,
386A,みのや,19.881557,1.3645773,
387A,フラー,11.198672,1.6037779,
402A,アクセルスペースホールディングス,,6.0484405,
407A,ＵＮＩＣＯＮホールディングス,9.813084,2.5633235,
409A,オリオンビール,11.53441,2.9941144,0.33201998
410A,ＧＭＯコマース,14.42993,2.3481345,0.20583999
414A,オーバーラップホールディングス,9.813843,2.5082347,
415A,ＧＭＯ　ＴＥＣＨホールディングス,4.221194,1.6714242,
416A,富士ユナイトホールディングス,11.261137,0.84528524,0.08091
417A,ブルーゾーンホールディングス,18.41673,1.9349536,0.11476
421A,ムービン・ストラテジック・キャリア,16.807314,5.412248,0.41157
423A,ライオン事務器,10.307591,0.78599674,
428A,サイプレス・ホールディングス,24.815523,4.536303,
429A,テクセンドフォトマスク,27.700527,2.2745464,
431A,ユーソナー,24.271364,3.672283,0.25606
436A,サイバーソリューションズ,16.501026,10.509183,
438A,インフキュリオン,232.78236,3.1519148,
441A,ＮＥ,10.581831,2.3506293,0.29357
442A,クラシコ,16.312649,1.6976769,
446A,ノースサンド,48.302002,96.73894,
456A,ＨＵＭＡＮ　ＭＡＤＥ,58.141937,10.911775,0.32773
460A,ＢＲＡＮＵ,14.224619,3.8411136,
462A,ＦＵＮＤＩＮＮＯ,,4.0685573,
463A,インテリックスホールディングス,5.373481,0.63725317,0.110530004
464A,ＱＰＳホールディングス,,8.485389,-0.0317
469A,フィットクルー,7.7942424,2.3337178,
471A,ＮＳグループ,15.220071,3.1220431,0.22028999
472A,ミラティブ,11.709402,2.6167634,0.27264
475A,ギミック,26.957409,2.2994356,0.31169
476A,辻・本郷ＩＴコンサルティング,20.704338,2.1041822,
477A,スタートライン,14.576548,2.226599,
478A,フツパー,26.957071,3.677642,0.25514
479A,ＰＲＯＮＩ,12.392055,3.6576352,0.46488997
480A,リブ・コンサルティング,13.736263,2.2602935,0.20476
483A,テラテクノロジー,9.066377,1.2778662,0.16350001
485A,パワーエックス,,36.64346,-0.39586
9989,サンドラッグ,14.104263,1.6073912,0.11504
9990,サックスバー　ホールディングス,10.267379,0.74423146,0.07119
9991,ジェコス,10.224651,0.8266536,0.08766
9993,ヤマザワ,,0.47826797,-0.01509
9994,やまや,8.453121,0.64776963,0.09191
9996,サトー商会,14.184036,0.6893299,0.04843
9997,ベルーナ,8.673315,0.56313115,0.0777
